substation_id,substation_name,n_plants,n_wind,n_solar,total_capacity_mw,total_energy_mwh_annual,avg_distance_m
0,Station Herrenstein,,,,,,
1,Templin Sportplatz,,,,,,
2,Herzfelde KSL,,,,,,
3,TS Friedensplatz,,,,,,
4,Mittenwalde Herzfelder Damm,,,,,,
5,,,,,,,
6,Kienwerder Dorf,,,,,,
7,,,,,,,
8,,,,,,,
9,,,,,,,
10,,,,,,,
11,Trafostation Bahnhof Wustermark,,,,,,
12,,,,,,,
13,,,,,,,
14,,,,,,,
15,,,,,,,
16,,,,,,,
17,,,,,,,
18,,,,,,,
19,Kundenstation DHL,,,,,,
20,,,,,,,
21,,,,,,,
22,Dannenwalde Dorf,,,,,,
23,,,,,,,
24,,,,,,,
25,,,,,,,
26,,,,,,,
27,UW Thyrow Trafostation,,,,,,
28,,,,,,,
29,,,,,,,
30,Neuheimer Weg,,,,,,
31,Bülowstraße,,,,,,
32,,,,,,,
33,,1.0,1.0,0.0,2.3,6044.4,3064.404019691955
34,,,,,,,
35,,,,,,,
36,,,,,,,
37,,,,,,,
38,,,,,,,
39,,,,,,,
40,Gewerbe Nord,,,,,,
41,TST Werkstraße,,,,,,
42,Bhf. Finkenkrug,,,,,,
43,Kirche,,,,,,
44,,,,,,,
45,Seegefelder Straße,,,,,,
46,Dannenwalde Übergabe,,,,,,
47,Wagnerallee,,,,,,
48,,,,,,,
49,Seilershof Fischerwall,,,,,,
50,,,,,,,
51,Umspannwerk Ruhrstraße,,,,,,
52,Polizei (Straße der Jugend),,,,,,
53,Eurostahl,,,,,,
54,,,,,,,
55,Zum Röthepfuhl,,,,,,
56,Weinberg,,,,,,
57,,,,,,,
58,,,,,,,
59,,,,,,,
60,,,,,,,
61,Dorfstraße,,,,,,
62,,,,,,,
63,,,,,,,
64,,,,,,,
65,,,,,,,
66,,,,,,,
67,,,,,,,
68,,,,,,,
69,,,,,,,
70,TrSr Spechtstraße,,,,,,
71,,,,,,,
72,,,,,,,
73,,,,,,,
74,Trafo Trechwitz Siedlung 1,,,,,,
75,,,,,,,
76,Kirchplatz,,,,,,
77,Gransee Trockenwerk,,,,,,
78,,,,,,,
79,,,,,,,
80,TrSt Am Grössinsee,,,,,,
81,,,,,,,
82,,,,,,,
83,,,,,,,
84,Neumarkt 1,,,,,,
85,Zehdenick Kirchplatz,,,,,,
86,KPS Heidehof,52.0,52.0,0.0,110.3,289868.39999999997,1730.9772169291432
87,Trafostation,,,,,,
88,Trafostation,,,,,,
89,,,,,,,
90,,,,,,,
91,Trafostation,,,,,,
92,,,,,,,
93,Trafostation,,,,,,
94,Trafostation,,,,,,
95,Trafostation,,,,,,
96,,,,,,,
97,Pritzwalk Langhof,,,,,,
98,,,,,,,
99,,6.0,6.0,0.0,12.0,31536.0,2328.066149091183
100,,,,,,,
101,,,,,,,
102,,,,,,,
103,Trafostation,,,,,,
104,,,,,,,
105,,,,,,,
106,,,,,,,
107,,5.0,4.0,1.0,15.866,29292.7392,2190.1826546830484
108,,,,,,,
109,Trafostation,,,,,,
110,Mellnsdorf,,,,,,
111,,,,,,,
112,,,,,,,
113,Trafohäuschen mit Schmetterlingen,,,,,,
114,,,,,,,
115,Umspannwerk,,,,,,
116,,,,,,,
117,Trafostation,,,,,,
118,,,,,,,
119,Eichengrund-Siedlung Ⅰ,,,,,,
120,Gallinchen GG 4.2.,3.0,0.0,3.0,11.82,12425.184000000001,2044.3083964647255
121,Kutzeburger Mühle,,,,,,
122,Rasenweg,,,,,,
123,Kiekebusch Gartenstraße,,,,,,
124,Drosselweg,,,,,,
125,Sielow Siedlung,,,,,,
126,Gallinchen Dorf,,,,,,
127,Schorbuser Weg,,,,,,
128,Trafostation,,,,,,
129,Trafostation,,,,,,
130,,,,,,,
131,Trafostation,,,,,,
132,,,,,,,
133,Trafostation,,,,,,
134,Trafostation,,,,,,
135,Trafostation,,,,,,
136,Trafostation,,,,,,
137,Trafostation,,,,,,
138,Trafostation,,,,,,
139,Trafostation,,,,,,
140,Trafostation,,,,,,
141,Trafostation,,,,,,
142,TrSt Ehst Am Umspannwerk,,,,,,
143,,,,,,,
144,Trafostation,,,,,,
145,,,,,,,
146,Trafostation,,,,,,
147,Trafostation,,,,,,
148,Trafostation,,,,,,
149,,,,,,,
150,,,,,,,
151,,,,,,,
152,,,,,,,
153,,,,,,,
154,,,,,,,
155,,,,,,,
156,Malterhausen Dorf,,,,,,
157,,,,,,,
158,TrSt Dorfstraße,3.0,3.0,0.0,1.7999999999999998,4730.4,1755.5513014511755
159,Niedergörsdorf 1,,,,,,
160,TrSt Flugplatz 2,,,,,,
161,TrSt Mühlenweg,,,,,,
162,Kaltenborn 1,,,,,,
163,Tiefenbrunnen 2,8.0,8.0,0.0,16.0,42048.0,1480.9514822149872
164,Trafostation,,,,,,
165,,,,,,,
166,,,,,,,
167,Weinberge 2,,,,,,
168,Schönefeld,9.0,9.0,0.0,20.8,54662.4,1801.4789679222563
169,Trafostation,,,,,,
170,,,,,,,
171,Schaltstation Danna,,,,,,
172,Trafostation Wergzahna,4.0,4.0,0.0,6.5,17082.0,3957.3371941458286
173,,,,,,,
174,Trafostation,,,,,,
175,Trafostation,,,,,,
176,Trafostation,,,,,,
177,,,,,,,
178,,2.0,2.0,0.0,4.0,10512.0,1868.0182180632528
179,,13.0,13.0,0.0,23.619999999999997,62073.36,2077.9372222158686
180,,,,,,,
181,,,,,,,
182,Herzfelde Dorf,,,,,,
183,,,,,,,
184,Trafostation,,,,,,
185,,,,,,,
186,,,,,,,
187,,,,,,,
188,,,,,,,
189,,,,,,,
190,,,,,,,
191,,,,,,,
192,,,,,,,
193,TrSt WAZ,14.0,14.0,0.0,9.6,25228.8,1741.3248390163997
194,,,,,,,
195,TrSt Dorfstraße,,,,,,
196,Trafostation,,,,,,
197,,,,,,,
198,,,,,,,
199,,,,,,,
200,Gölsdorf 1,,,,,,
201,TrSt Kitzinger Stra0e,,,,,,
202,TrSt Bahnhof,,,,,,
203,TrSt Wittenberger Straße,,,,,,
204,Zinnaer Vorstadt,,,,,,
205,,1.0,1.0,0.0,2.0,5256.0,530.9475560047263
206,,,,,,,
207,TS Eberswalder Straße,,,,,,
208,,,,,,,
209,Tst Mahlenziener Str.2,,,,,,
210,,,,,,,
211,,,,,,,
212,Trafostation,,,,,,
213,,,,,,,
214,,,,,,,
215,,,,,,,
216,,,,,,,
217,,,,,,,
218,,,,,,,
219,Trafostation,,,,,,
220,,,,,,,
221,Wahlsdorf 3,9.0,9.0,0.0,26.41,69405.48,2186.6960699939527
222,,,,,,,
223,Stat. Querstraße,,,,,,
224,,,,,,,
225,,,,,,,
226,,,,,,,
227,,,,,,,
228,,,,,,,
229,TS Potsdamer Straße,,,,,,
230,,,,,,,
231,,,,,,,
232,,,,,,,
233,,,,,,,
234,,,,,,,
235,Trafostation,,,,,,
236,Trafostation,5.0,5.0,0.0,10.0,26280.0,5751.328833713648
237,,3.0,0.0,3.0,0.135891,142.8486192,1465.3565800872914
238,,,,,,,
239,,,,,,,
240,,,,,,,
241,,,,,,,
242,,,,,,,
243,,,,,,,
244,,,,,,,
245,,,,,,,
246,,,,,,,
247,,,,,,,
248,,,,,,,
249,,,,,,,
250,,,,,,,
251,,,,,,,
252,,1.0,0.0,1.0,22.0,23126.399999999998,997.6349638632194
253,,,,,,,
254,,,,,,,
255,,,,,,,
256,,,,,,,
257,,,,,,,
258,,,,,,,
259,,,,,,,
260,,,,,,,
261,,,,,,,
262,,,,,,,
263,,,,,,,
264,,,,,,,
265,,,,,,,
266,TrSt Köhlerwald,,,,,,
267,,7.0,7.0,0.0,14.0,36792.0,895.5652494368609
268,,4.0,4.0,0.0,8.0,21024.0,1055.202031821884
269,TrSt Kirche,4.0,4.0,0.0,9.05,23783.4,1453.2523738488248
270,Trafostation Tongrubenweg,,,,,,
271,,,,,,,
272,,,,,,,
273,SSt Klein Dölln,,,,,,
274,,,,,,,
275,TrSt Groß Väter Diakonie,,,,,,
276,,,,,,,
277,,,,,,,
278,,,,,,,
279,KAH Groß Dölln,,,,,,
280,Groß Schönebeck Station Hammer Chaussee,,,,,,
281,St. Eberswalder Straße,,,,,,
282,,,,,,,
283,Alte Schäferei,,,,,,
284,,,,,,,
285,,13.0,13.0,0.0,36.45,95790.59999999999,1893.1891946949067
286,,12.0,12.0,0.0,30.3,79628.4,1052.3812702222856
287,TrSt Birkenhof,,,,,,
288,,8.0,8.0,0.0,18.799999999999997,49406.399999999994,2410.459358272392
289,,6.0,6.0,0.0,14.399999999999999,37843.2,2470.4351838400166
290,Groß Dölln Kl. Dellenstraße,,,,,,
291,"TrSt Groß Dölln, Reihenstraße",,,,,,
292,,26.0,22.0,4.0,86.488,178586.26559999998,1923.1867443590522
293,,14.0,14.0,0.0,23.6,62020.799999999996,1738.4225778796156
294,,,,,,,
295,Trafostation Vogelsang Dorf,,,,,,
296,,,,,,,
297,,,,,,,
298,Trafostation Wesendorf (PVA),,,,,,
299,Trafostation Wesendorf Dorf,,,,,,
300,SSt. Stausee,,,,,,
301,St. Kartoffellager,,,,,,
302,"Trafostation Michelsdorf ""Dachskuten""",,,,,,
303,,,,,,,
304,Meßstation Vogelsang,,,,,,
305,TST Burgwall Übergabe,,,,,,
306,Trafohäuschen mit Butterblumen,,,,,,
307,,,,,,,
308,,,,,,,
309,,,,,,,
310,,,,,,,
311,,,,,,,
312,,,,,,,
313,,22.0,22.0,0.0,44.3,116420.4,4237.069612376964
314,,,,,,,
315,,,,,,,
316,,,,,,,
317,,,,,,,
318,,,,,,,
319,,,,,,,
320,,,,,,,
321,Schaltstelle Bischofswerder Weg,,,,,,
322,Station Dittmann,,,,,,
323,Station Höpen,,,,,,
324,Trafostation Heidchen,,,,,,
325,,,,,,,
326,,,,,,,
327,,,,,,,
328,,,,,,,
329,,,,,,,
330,,,,,,,
331,,,,,,,
332,,,,,,,
333,Station Präsidentensitz,,,,,,
334,,,,,,,
335,,,,,,,
336,,,,,,,
337,,,,,,,
338,,,,,,,
339,,12.0,0.0,12.0,16.799999999999997,17660.159999999996,4258.226477173535
340,,,,,,,
341,,,,,,,
342,,,,,,,
343,Alt-Schadow TrSt Neuendorfer Straße,,,,,,
344,Alt-Schadow Seeblick,,,,,,
345,,,,,,,
346,,,,,,,
347,,,,,,,
348,,,,,,,
349,,,,,,,
350,Bischofswerder Schleuse,,,,,,
351,Trafostation Weinertstraße,,,,,,
352,TrSt Dahnsdorf Lühnsdorfer Straße,,,,,,
353,,,,,,,
354,,,,,,,
355,,,,,,,
356,,,,,,,
357,,1.0,1.0,0.0,2.5,6570.0,1973.8216127385367
358,,,,,,,
359,St Neumannshof,,,,,,
360,,,,,,,
361,,,,,,,
362,,,,,,,
363,,,,,,,
364,Trafostation Ringstraße,,,,,,
365,Trafostation Rosa-Luxemburg-Straße,,,,,,
366,Trafostation Hauptstraße,,,,,,
367,,,,,,,
368,,,,,,,
369,,,,,,,
370,,2.0,2.0,0.0,3.0,7884.0,4351.581904402787
371,In den Kaupen,,,,,,
372,Luckenwalder Str.,,,,,,
373,Trafostation Str. z. Försterei,,,,,,
374,,,,,,,
375,,,,,,,
376,,,,,,,
377,,,,,,,
378,,,,,,,
379,,,,,,,
380,,,,,,,
381,,,,,,,
382,,,,,,,
383,,,,,,,
384,,,,,,,
385,,,,,,,
386,,,,,,,
387,,,,,,,
388,,,,,,,
389,,,,,,,
390,,,,,,,
391,,,,,,,
392,Groß Schönbeck: Station Schorfheide,,,,,,
393,,,,,,,
394,,,,,,,
395,Jühnsdorf KÜST BHKW Trebbiner Damm,,,,,,
396,,6.0,6.0,0.0,25.9,68065.2,5333.693096755414
397,,,,,,,
398,TST SW Wachow,,,,,,
399,TrSt Rosenow Dorf,,,,,,
400,Priesterweg,,,,,,
401,,,,,,,
402,,,,,,,
403,,,,,,,
404,,,,,,,
405,,,,,,,
406,,,,,,,
407,,,,,,,
408,,,,,,,
409,,,,,,,
410,,2.0,0.0,2.0,20.46,21507.552000000003,1415.830580932266
411,,,,,,,
412,,,,,,,
413,,,,,,,
414,,,,,,,
415,,,,,,,
416,,,,,,,
417,,,,,,,
418,,,,,,,
419,Trafostation Zehdenick Triftweg,,,,,,
420,Schillerallee,,,,,,
421,Marwitzer Straße,,,,,,
422,,,,,,,
423,,,,,,,
424,,,,,,,
425,,,,,,,
426,,,,,,,
427,,,,,,,
428,Trafohäuschen mit Blumen,,,,,,
429,,,,,,,
430,,,,,,,
431,,,,,,,
432,,,,,,,
433,,,,,,,
434,,,,,,,
435,,,,,,,
436,,,,,,,
437,,,,,,,
438,,,,,,,
439,,,,,,,
440,,,,,,,
441,,,,,,,
442,,,,,,,
443,,,,,,,
444,,,,,,,
445,,,,,,,
446,,,,,,,
447,,,,,,,
448,,,,,,,
449,,,,,,,
450,Trafohäuschen mit Getreidefeld,4.0,4.0,0.0,16.8,44150.4,1266.9514636967006
451,Gräbendorfer Weg,,,,,,
452,,,,,,,
453,TST Golfplatz Semlin,,,,,,
454,Weinberg,,,,,,
455,Semlin Ausbau,,,,,,
456,,,,,,,
457,,,,,,,
458,,,,,,,
459,,,,,,,
460,,,,,,,
461,,,,,,,
462,,,,,,,
463,,,,,,,
464,,,,,,,
465,Trafohäuschen mit Goetheporträt,,,,,,
466,,,,,,,
467,,,,,,,
468,,,,,,,
469,,,,,,,
470,Trafohäuschen mit Wasservogel,,,,,,
471,,,,,,,
472,Trafostation Poseidonstr.,,,,,,
473,,,,,,,
474,,,,,,,
475,,,,,,,
476,,,,,,,
477,,,,,,,
478,,,,,,,
479,,,,,,,
480,,,,,,,
481,TrSt Waldstr.,,,,,,
482,,,,,,,
483,Rathenow Semliner Straße,,,,,,
484,Curlandstraße 2,,,,,,
485,,,,,,,
486,,,,,,,
487,,,,,,,
488,,1.0,1.0,0.0,3.3,8672.4,1982.1768848634679
489,,,,,,,
490,,,,,,,
491,,,,,,,
492,,,,,,,
493,,,,,,,
494,,,,,,,
495,,,,,,,
496,,,,,,,
497,,,,,,,
498,,,,,,,
499,,,,,,,
500,,,,,,,
501,,,,,,,
502,,,,,,,
503,,,,,,,
504,,,,,,,
505,,1.0,1.0,0.0,1.5,3942.0,12.44154509937359
506,,1.0,1.0,0.0,1.5,3942.0,12.033978874788891
507,,1.0,1.0,0.0,1.5,3942.0,10.006606597703955
508,,1.0,1.0,0.0,1.5,3942.0,12.783378839840543
509,,1.0,1.0,0.0,1.5,3942.0,9.734550970613318
510,,1.0,1.0,0.0,1.5,3942.0,7.229769897594546
511,,1.0,1.0,0.0,1.5,3942.0,19.924106987020963
512,,1.0,1.0,0.0,1.5,3942.0,46.47666043554648
513,,1.0,1.0,0.0,1.5,3942.0,13.258505166453363
514,,,,,,,
515,,1.0,1.0,0.0,1.5,3942.0,13.786288805005537
516,,2.0,2.0,0.0,3.0,7884.0,224.90435931109144
517,,3.0,3.0,0.0,5.5,14454.0,331.1293933781471
518,,2.0,2.0,0.0,3.0,7884.0,12.49074669404412
519,,2.0,2.0,0.0,3.5,9198.0,209.54168818952547
520,,,,,,,
521,,,,,,,
522,,,,,,,
523,,,,,,,
524,,,,,,,
525,,,,,,,
526,,,,,,,
527,,,,,,,
528,Transformatorenturmstation Seehaus - Seeschloß,,,,,,
529,,,,,,,
530,Perleberger Str.,,,,,,
531,,,,,,,
532,Rath. Fehrbelliner Str. 1,,,,,,
533,,,,,,,
534,,,,,,,
535,,,,,,,
536,Rehweg,,,,,,
537,Rathenow Heinrich-von-Rosenberg-Straße,,,,,,
538,Rath. H.-Heine-Str.,,,,,,
539,Rhinow Mittelstr.,,,,,,
540,Rath. Pfarrer-Fröhlich-Str,,,,,,
541,Rath. H.-Löns-Str.,,,,,,
542,Rathenow Stadthafen,,,,,,
543,,,,,,,
544,Rathenow ZBO,,,,,,
545,,,,,,,
546,,,,,,,
547,Rathenow Rhinower Landstraße,,,,,,
548,Rathenow Falkenweg,,,,,,
549,,,,,,,
550,,,,,,,
551,Rathenow Milower Straße,,,,,,
552,Rhinow Schule,,,,,,
553,Rathenow Hauptschleuse,,,,,,
554,Rathenow Inselweg,,,,,,
555,,,,,,,
556,,,,,,,
557,,,,,,,
558,,,,,,,
559,Schwenk,,,,,,
560,TrSt. W-Pieck-Str.,,,,,,
561,TrSt. Ruhemannweg,,,,,,
562,Gustav-Freytag-Straße,,,,,,
563,,,,,,,
564,,,,,,,
565,Hasenwinkel,,,,,,
566,,,,,,,
567,,,,,,,
568,,,,,,,
569,,,,,,,
570,Rathenow PW,,,,,,
571,Rathenow Jahnstr.,,,,,,
572,,,,,,,
573,,,,,,,
574,,,,,,,
575,,,,,,,
576,,,,,,,
577,,,,,,,
578,,,,,,,
579,Erdöl,,,,,,
580,,,,,,,
581,,,,,,,
582,,,,,,,
583,,,,,,,
584,,,,,,,
585,,,,,,,
586,,,,,,,
587,,,,,,,
588,,3.0,0.0,3.0,29.33593,30837.929616,1510.3207360589156
589,,,,,,,
590,,,,,,,
591,,,,,,,
592,,,,,,,
593,,,,,,,
594,,,,,,,
595,,,,,,,
596,,,,,,,
597,,,,,,,
598,,,,,,,
599,,,,,,,
600,,,,,,,
601,,,,,,,
602,,,,,,,
603,TST Schulstraße,,,,,,
604,TST Thälmannplatz,,,,,,
605,,,,,,,
606,,,,,,,
607,,,,,,,
608,,,,,,,
609,,,,,,,
610,,,,,,,
611,,,,,,,
612,,,,,,,
613,,,,,,,
614,,,,,,,
615,,,,,,,
616,,,,,,,
617,,,,,,,
618,TS Redernswalde,,,,,,
619,,,,,,,
620,,,,,,,
621,,,,,,,
622,TrSt Handwerkergasse,,,,,,
623,TST Gipsstraße,,,,,,
624,TST Torfstich,,,,,,
625,,,,,,,
626,,,,,,,
627,,,,,,,
628,,,,,,,
629,,,,,,,
630,,,,,,,
631,,,,,,,
632,,,,,,,
633,,,,,,,
634,,,,,,,
635,,,,,,,
636,,,,,,,
637,,,,,,,
638,,,,,,,
639,,,,,,,
640,,,,,,,
641,,,,,,,
642,,,,,,,
643,TST Gartenstraße,,,,,,
644,TST Kieler Straße,,,,,,
645,,,,,,,
646,,,,,,,
647,,,,,,,
648,,,,,,,
649,,,,,,,
650,,,,,,,
651,,,,,,,
652,,,,,,,
653,,,,,,,
654,,,,,,,
655,,,,,,,
656,,,,,,,
657,,,,,,,
658,,,,,,,
659,,,,,,,
660,,,,,,,
661,,,,,,,
662,,,,,,,
663,,,,,,,
664,,,,,,,
665,,,,,,,
666,,,,,,,
667,,,,,,,
668,,,,,,,
669,,,,,,,
670,,,,,,,
671,,,,,,,
672,,,,,,,
673,,5.0,0.0,5.0,26.545797,27904.9418064,1824.483401612765
674,,,,,,,
675,,,,,,,
676,,,,,,,
677,,,,,,,
678,,,,,,,
679,,,,,,,
680,St Dorfstraße,,,,,,
681,,,,,,,
682,,,,,,,
683,,,,,,,
684,,,,,,,
685,TST Wachow Birkenweg,,,,,,
686,,1.0,0.0,1.0,19.5832,20585.85984,3737.849305315284
687,,1.0,0.0,1.0,65.472,68824.16639999999,890.7490678530248
688,TST Knoblauch 1,,,,,,
689,,,,,,,
690,,,,,,,
691,,,,,,,
692,,,,,,,
693,,,,,,,
694,,,,,,,
695,,,,,,,
696,,,,,,,
697,,,,,,,
698,,,,,,,
699,,,,,,,
700,TST Zillestraße,,,,,,
701,TST An der Stammbahn,,,,,,
702,,,,,,,
703,,,,,,,
704,,,,,,,
705,,,,,,,
706,,,,,,,
707,,,,,,,
708,TST SW Falkenrede,,,,,,
709,,,,,,,
710,,,,,,,
711,,,,,,,
712,,,,,,,
713,,,,,,,
714,Dürrenhofe Lübbener Straße,,,,,,
715,TST Alte Dorfstraße,,,,,,
716,,,,,,,
717,TST Kähnsdorf Campingplatz,,,,,,
718,TST Fresdorf Luckenwalder Straße 1,,,,,,
719,,,,,,,
720,,,,,,,
721,,,,,,,
722,,,,,,,
723,,,,,,,
724,,,,,,,
725,,,,,,,
726,,,,,,,
727,,,,,,,
728,,,,,,,
729,Trafostation Altglienicker Ch,,,,,,
730,,,,,,,
731,,,,,,,
732,,,,,,,
733,,,,,,,
734,,,,,,,
735,,,,,,,
736,Messhaus VEAB,,,,,,
737,Messhaus Zuchenberg,,,,,,
738,Messhaus Bahnbetriebswerk,,,,,,
739,,,,,,,
740,,,,,,,
741,,,,,,,
742,,,,,,,
743,,,,,,,
744,,,,,,,
745,TST Kleinmachnow Fashionparc,,,,,,
746,,,,,,,
747,,,,,,,
748,,,,,,,
749,,,,,,,
750,,,,,,,
751,,,,,,,
752,TST Am Wiesengrund,,,,,,
753,,,,,,,
754,,,,,,,
755,,,,,,,
756,,,,,,,
757,,,,,,,
758,,,,,,,
759,,,,,,,
760,,,,,,,
761,,,,,,,
762,,,,,,,
763,,,,,,,
764,,,,,,,
765,,,,,,,
766,,,,,,,
767,,,,,,,
768,,,,,,,
769,,,,,,,
770,,,,,,,
771,,,,,,,
772,,,,,,,
773,,,,,,,
774,,,,,,,
775,,,,,,,
776,,,,,,,
777,,,,,,,
778,,,,,,,
779,,,,,,,
780,,,,,,,
781,,1.0,0.0,1.0,7.788,8186.7456,265.6380398838988
782,,,,,,,
783,,,,,,,
784,,,,,,,
785,,,,,,,
786,,,,,,,
787,,,,,,,
788,,,,,,,
789,,,,,,,
790,,,,,,,
791,,,,,,,
792,,,,,,,
793,,,,,,,
794,,,,,,,
795,,,,,,,
796,,,,,,,
797,,,,,,,
798,,,,,,,
799,,,,,,,
800,,,,,,,
801,,,,,,,
802,,,,,,,
803,,,,,,,
804,,,,,,,
805,,,,,,,
806,,,,,,,
807,,,,,,,
808,,,,,,,
809,,,,,,,
810,,,,,,,
811,,,,,,,
812,,,,,,,
813,,,,,,,
814,,,,,,,
815,Wolletz TrSt Dorf,,,,,,
816,,,,,,,
817,,,,,,,
818,,,,,,,
819,,,,,,,
820,,,,,,,
821,,,,,,,
822,,,,,,,
823,,,,,,,
824,,,,,,,
825,,,,,,,
826,,,,,,,
827,,,,,,,
828,,,,,,,
829,,,,,,,
830,,,,,,,
831,,,,,,,
832,,,,,,,
833,,,,,,,
834,,,,,,,
835,,,,,,,
836,TST Stolper Weg,,,,,,
837,,,,,,,
838,,1.0,1.0,0.0,2.3,6044.4,1417.2053217810444
839,,,,,,,
840,,,,,,,
841,,,,,,,
842,,,,,,,
843,,,,,,,
844,,,,,,,
845,,,,,,,
846,,,,,,,
847,,,,,,,
848,,,,,,,
849,,,,,,,
850,,,,,,,
851,,2.0,2.0,0.0,11.4,29959.199999999997,821.7338898410342
852,,,,,,,
853,,,,,,,
854,,,,,,,
855,,,,,,,
856,,,,,,,
857,,,,,,,
858,,,,,,,
859,,,,,,,
860,,15.0,15.0,0.0,29.3,77000.4,2585.764664900826
861,,,,,,,
862,,,,,,,
863,TST Seeburg Dorf,,,,,,
864,,,,,,,
865,,,,,,,
866,,,,,,,
867,,,,,,,
868,,,,,,,
869,,,,,,,
870,TST Falkenrede Siedlung,,,,,,
871,,,,,,,
872,,,,,,,
873,Trafohäuschen mit Seemotiven,,,,,,
874,,,,,,,
875,,,,,,,
876,,,,,,,
877,,,,,,,
878,TST Potsdamer Landstraße,,,,,,
879,,,,,,,
880,,,,,,,
881,TST Schaugehege,,,,,,
882,,,,,,,
883,,,,,,,
884,,,,,,,
885,,,,,,,
886,,,,,,,
887,,,,,,,
888,,,,,,,
889,,,,,,,
890,TST Wildenbrucher Straße,,,,,,
891,,,,,,,
892,,,,,,,
893,,,,,,,
894,Trst Rüdersdorf Heinitzstraße,,,,,,
895,Trst Rüdersdorf Am Kanal,,,,,,
896,Trst Woltersdorf Kranichsberg,,,,,,
897,,,,,,,
898,,,,,,,
899,,,,,,,
900,,,,,,,
901,,,,,,,
902,,,,,,,
903,,,,,,,
904,,,,,,,
905,,,,,,,
906,,,,,,,
907,,,,,,,
908,,,,,,,
909,,,,,,,
910,,,,,,,
911,,,,,,,
912,,,,,,,
913,,,,,,,
914,,9.0,9.0,0.0,24.45,64254.6,2031.1831677592418
915,,,,,,,
916,,,,,,,
917,,,,,,,
918,,,,,,,
919,,,,,,,
920,,,,,,,
921,,,,,,,
922,,,,,,,
923,,,,,,,
924,,,,,,,
925,,,,,,,
926,ASt Kerkow BHKW II,,,,,,
927,Angermünde TrSt Markt,,,,,,
928,,,,,,,
929,,,,,,,
930,,,,,,,
931,,,,,,,
932,,,,,,,
933,,,,,,,
934,,,,,,,
935,,,,,,,
936,,,,,,,
937,,,,,,,
938,,,,,,,
939,,,,,,,
940,Schaltstation Roskow,,,,,,
941,,,,,,,
942,,,,,,,
943,,,,,,,
944,,,,,,,
945,,,,,,,
946,,,,,,,
947,,,,,,,
948,,,,,,,
949,,,,,,,
950,,,,,,,
951,,,,,,,
952,,,,,,,
953,,,,,,,
954,,,,,,,
955,,,,,,,
956,,,,,,,
957,,,,,,,
958,,,,,,,
959,,,,,,,
960,,,,,,,
961,,,,,,,
962,,,,,,,
963,,2.0,0.0,2.0,2.1744,2285.7292799999996,2891.3039446429702
964,,,,,,,
965,,,,,,,
966,,,,,,,
967,,,,,,,
968,,,,,,,
969,,,,,,,
970,,,,,,,
971,TST Ruhlsdorfer Straße,,,,,,
972,,,,,,,
973,,,,,,,
974,TST Zum Wasserwerk,,,,,,
975,TST Radelandberg,,,,,,
976,TST Radelandberg,,,,,,
977,TST Olympisches Dorf 3,,,,,,
978,TST Olympisches Dorf 2,,,,,,
979,TST Olympisches Dorf 1,,,,,,
980,,,,,,,
981,TST Horst-Müller-Straße,,,,,,
982,,,,,,,
983,,,,,,,
984,,,,,,,
985,,,,,,,
986,TST Feuerwehr,,,,,,
987,,,,,,,
988,,,,,,,
989,,,,,,,
990,TS Tierpark,,,,,,
991,,,,,,,
992,,,,,,,
993,,,,,,,
994,,,,,,,
995,,,,,,,
996,TST Triftweg,,,,,,
997,,,,,,,
998,,,,,,,
999,,,,,,,
1000,,,,,,,
1001,,,,,,,
1002,,1.0,0.0,1.0,0.032,33.6384,411.6495779127413
1003,,,,,,,
1004,,,,,,,
1005,,,,,,,
1006,TS TÜV,,,,,,
1007,TS Krankenhaus,,,,,,
1008,,,,,,,
1009,,,,,,,
1010,,,,,,,
1011,,,,,,,
1012,,,,,,,
1013,,,,,,,
1014,,,,,,,
1015,,,,,,,
1016,,,,,,,
1017,,,,,,,
1018,,,,,,,
1019,,,,,,,
1020,,,,,,,
1021,,,,,,,
1022,,,,,,,
1023,,,,,,,
1024,,,,,,,
1025,,,,,,,
1026,,,,,,,
1027,,,,,,,
1028,,,,,,,
1029,,,,,,,
1030,,,,,,,
1031,,,,,,,
1032,,,,,,,
1033,,,,,,,
1034,,,,,,,
1035,,,,,,,
1036,,,,,,,
1037,TS Strandbad,,,,,,
1038,,,,,,,
1039,,,,,,,
1040,,,,,,,
1041,TST Falkenrede Knoblaucher Weg,,,,,,
1042,,3.0,0.0,3.0,69.3,72848.16,3577.4150455803997
1043,Angermünde TrSt SERO,,,,,,
1044,TS Mühlengraben,,,,,,
1045,Angermünde TrSt Tankstelle,,,,,,
1046,Angermünde TrSt Am Wall,,,,,,
1047,Angermünde TrSt Seestr.,,,,,,
1048,,,,,,,
1049,Muskauer Str.,,,,,,
1050,,,,,,,
1051,,,,,,,
1052,,,,,,,
1053,,,,,,,
1054,,,,,,,
1055,,,,,,,
1056,,,,,,,
1057,,,,,,,
1058,,,,,,,
1059,,,,,,,
1060,HH Galileistrasse,,,,,,
1061,TST Alter Fischerweg,,,,,,
1062,,,,,,,
1063,,,,,,,
1064,,,,,,,
1065,,,,,,,
1066,,,,,,,
1067,,,,,,,
1068,,,,,,,
1069,,,,,,,
1070,,,,,,,
1071,,,,,,,
1072,,,,,,,
1073,Trafostation Ebereschenallee,,,,,,
1074,,,,,,,
1075,,,,,,,
1076,,,,,,,
1077,,,,,,,
1078,,,,,,,
1079,,,,,,,
1080,,,,,,,
1081,,,,,,,
1082,,,,,,,
1083,,,,,,,
1084,,,,,,,
1085,,,,,,,
1086,,,,,,,
1087,Wansdorfer Heide,,,,,,
1088,,,,,,,
1089,,,,,,,
1090,,,,,,,
1091,,,,,,,
1092,,,,,,,
1093,,,,,,,
1094,,,,,,,
1095,,,,,,,
1096,,,,,,,
1097,Templin Knehdener Straße,,,,,,
1098,"Templin, TrSt Parisiusstraße",,,,,,
1099,"TrSt Templin, Neuer Weg",,,,,,
1100,Röddelin Dorf,,,,,,
1101,"Röddelin, Mühlenberg",,,,,,
1102,"Röddelin, Campingplatz",,,,,,
1103,,,,,,,
1104,TrSt. LBK,,,,,,
1105,,,,,,,
1106,,,,,,,
1107,,7.0,0.0,7.0,27.96694,29398.847328,1345.6263994346543
1108,,,,,,,
1109,,,,,,,
1110,TrSt Karlstein,9.0,9.0,0.0,42.45,111558.6,1358.2103226420177
1111,Bandelow Dorf I,21.0,21.0,0.0,81.9,215233.2,2712.6803970550104
1112,Schulzendorf Wolfsruher Weg,,,,,,
1113,,,,,,,
1114,,,,,,,
1115,,,,,,,
1116,,,,,,,
1117,,,,,,,
1118,Schönberg Dorf,,,,,,
1119,,,,,,,
1120,,,,,,,
1121,,,,,,,
1122,,,,,,,
1123,,,,,,,
1124,,,,,,,
1125,,,,,,,
1126,,2.0,2.0,0.0,4.0,10512.0,1504.511779538474
1127,TrSt Hülsebeck Nord,,,,,,
1128,,,,,,,
1129,,,,,,,
1130,Oderberg TrSt Maienpfuhl,,,,,,
1131,,,,,,,
1132,,,,,,,
1133,TS Zeltplatz,,,,,,
1134,Brodowin Trafobox Zaun,,,,,,
1135,,,,,,,
1136,Hohes Feld,,,,,,
1137,Rüdersdorf Bergstraße,,,,,,
1138,Berghof,,,,,,
1139,Berghof Weiche,,,,,,
1140,Wendemark Wasserwerk,9.0,9.0,0.0,19.43,51062.03999999999,1211.6199904806983
1141,,1.0,1.0,0.0,5.7,14979.599999999999,5426.054370653441
1142,,,,,,,
1143,,,,,,,
1144,,,,,,,
1145,,,,,,,
1146,,,,,,,
1147,,,,,,,
1148,,,,,,,
1149,,,,,,,
1150,,,,,,,
1151,,,,,,,
1152,,,,,,,
1153,,,,,,,
1154,,,,,,,
1155,,,,,,,
1156,,,,,,,
1157,,,,,,,
1158,,,,,,,
1159,,,,,,,
1160,,,,,,,
1161,,,,,,,
1162,,,,,,,
1163,,,,,,,
1164,,,,,,,
1165,,,,,,,
1166,,,,,,,
1167,,,,,,,
1168,,,,,,,
1169,,,,,,,
1170,,,,,,,
1171,,,,,,,
1172,,,,,,,
1173,,,,,,,
1174,,,,,,,
1175,,,,,,,
1176,,,,,,,
1177,,,,,,,
1178,,,,,,,
1179,,,,,,,
1180,,,,,,,
1181,,,,,,,
1182,,,,,,,
1183,,,,,,,
1184,,,,,,,
1185,,,,,,,
1186,,,,,,,
1187,,,,,,,
1188,,,,,,,
1189,,,,,,,
1190,,,,,,,
1191,,,,,,,
1192,,,,,,,
1193,,,,,,,
1194,,,,,,,
1195,,,,,,,
1196,,,,,,,
1197,,,,,,,
1198,,,,,,,
1199,,,,,,,
1200,,,,,,,
1201,,,,,,,
1202,,,,,,,
1203,,,,,,,
1204,,,,,,,
1205,,,,,,,
1206,,,,,,,
1207,,,,,,,
1208,,,,,,,
1209,,,,,,,
1210,,,,,,,
1211,,,,,,,
1212,,,,,,,
1213,,,,,,,
1214,,,,,,,
1215,,,,,,,
1216,,,,,,,
1217,,2.0,0.0,2.0,58.457143,61450.1487216,1418.2082906283335
1218,,,,,,,
1219,,,,,,,
1220,,,,,,,
1221,,,,,,,
1222,,,,,,,
1223,,,,,,,
1224,,,,,,,
1225,,,,,,,
1226,,,,,,,
1227,,,,,,,
1228,,,,,,,
1229,,,,,,,
1230,,,,,,,
1231,,,,,,,
1232,,,,,,,
1233,,,,,,,
1234,,,,,,,
1235,,,,,,,
1236,,,,,,,
1237,,,,,,,
1238,,,,,,,
1239,,,,,,,
1240,,,,,,,
1241,,,,,,,
1242,Trst Nordufer Ost,,,,,,
1243,,,,,,,
1244,,,,,,,
1245,,,,,,,
1246,,,,,,,
1247,,,,,,,
1248,Krausnick Schöpfwerk,,,,,,
1249,,,,,,,
1250,,,,,,,
1251,,,,,,,
1252,,,,,,,
1253,,,,,,,
1254,,,,,,,
1255,,,,,,,
1256,,,,,,,
1257,,,,,,,
1258,,,,,,,
1259,,,,,,,
1260,,,,,,,
1261,,,,,,,
1262,,,,,,,
1263,,,,,,,
1264,,,,,,,
1265,,,,,,,
1266,,,,,,,
1267,,,,,,,
1268,,,,,,,
1269,,,,,,,
1270,,,,,,,
1271,,,,,,,
1272,,,,,,,
1273,,,,,,,
1274,,,,,,,
1275,,3.0,3.0,0.0,17.3,45464.399999999994,988.6445344051855
1276,,,,,,,
1277,,,,,,,
1278,,,,,,,
1279,,,,,,,
1280,,,,,,,
1281,,,,,,,
1282,,,,,,,
1283,,,,,,,
1284,,1.0,1.0,0.0,2.0,5256.0,2898.547666570906
1285,Station Brüssow Löcknitzer Straße,21.0,21.0,0.0,42.0,110376.0,2393.118855459778
1286,,9.0,9.0,0.0,15.5,40734.0,1150.8292876948756
1287,,2.0,2.0,0.0,3.0,7884.0,701.6887984848827
1288,,1.0,1.0,0.0,2.0,5256.0,1128.9173003149738
1289,,7.0,6.0,1.0,26.078400000000002,33090.09408,4723.18416256816
1290,,12.0,12.0,0.0,23.0,60444.0,5858.455335874813
1291,,,,,,,
1292,,,,,,,
1293,,,,,,,
1294,,,,,,,
1295,,2.0,2.0,0.0,3.0,7884.0,6053.548818542191
1296,,,,,,,
1297,,,,,,,
1298,,,,,,,
1299,,,,,,,
1300,,,,,,,
1301,,,,,,,
1302,,,,,,,
1303,,,,,,,
1304,,,,,,,
1305,Wolfshagen Dorf,1.0,1.0,0.0,1.5,3942.0,6397.2316212793585
1306,,,,,,,
1307,,,,,,,
1308,,,,,,,
1309,,,,,,,
1310,,,,,,,
1311,,2.0,2.0,0.0,4.6,12088.8,1953.675186416985
1312,,,,,,,
1313,,19.0,19.0,0.0,41.4,108799.2,1748.987711717694
1314,,,,,,,
1315,,,,,,,
1316,,,,,,,
1317,,,,,,,
1318,,,,,,,
1319,,,,,,,
1320,,,,,,,
1321,,,,,,,
1322,,,,,,,
1323,,,,,,,
1324,,,,,,,
1325,,,,,,,
1326,,,,,,,
1327,,,,,,,
1328,,,,,,,
1329,,,,,,,
1330,,,,,,,
1331,,,,,,,
1332,,,,,,,
1333,,,,,,,
1334,,,,,,,
1335,Trafostation mit Feuerwehrmotiven,,,,,,
1336,,,,,,,
1337,,,,,,,
1338,,,,,,,
1339,,,,,,,
1340,,,,,,,
1341,,,,,,,
1342,,,,,,,
1343,,,,,,,
1344,,,,,,,
1345,Eberswalde TrSt Pfeilstr.,,,,,,
1346,,,,,,,
1347,,,,,,,
1348,,,,,,,
1349,,,,,,,
1350,Darjesstr.4,,,,,,
1351,Storkow,,,,,,
1352,Tempelfelde,,,,,,
1353,Zeppelinstraße,,,,,,
1354,Calau,,,,,,
1355,Velten,,,,,,
1356,Klosterwalde,,,,,,
1357,Umspannwerk Bernau,,,,,,
1358,Unterwerk Priort,,,,,,
1359,Großbeeren,,,,,,
1360,Umspannwerk Wustermark,,,,,,
1361,Unterwerk Rathenow,,,,,,
1362,,,,,,,
1363,Hohen Neuendorf,,,,,,
1364,Schaltwerk Nitzahn,4.0,0.0,4.0,58.695,61700.183999999994,2866.0867395384785
1365,Unterwerk Genshagener Heide,,,,,,
1366,VUW IWL 110 kV,,,,,,
1367,Potsdam Süd,,,,,,
1368,Rüdersdorf,,,,,,
1369,Geltow,,,,,,
1370,,,,,,,
1371,Hennigsdorf,,,,,,
1372,,,,,,,
1373,,,,,,,
1374,UW Schönewalde,,,,,,
1375,Unterwerk Golm,,,,,,
1376,Unterwerk Kirchmöser,,,,,,
1377,,,,,,,
1378,,,,,,,
1379,,,,,,,
1380,,,,,,,
1381,,,,,,,
1382,,,,,,,
1383,,,,,,,
1384,Neuhof,,,,,,
1385,Bahnstrom Umrichterwerk Thyrow (alt),,,,,,
1386,Bahnstrom Umrichterwerk Thyrow (alt),,,,,,
1387,Umspannwerk Thyrow,,,,,,
1388,Umformerwerk Prenzlau,,,,,,
1389,Umspannwerk Bertikow,5.0,5.0,0.0,22.52,59182.56,1912.897683485951
1390,Blumberg,,,,,,
1391,Falkensee,,,,,,
1392,Hennigsdorf,,,,,,
1393,,2.0,2.0,0.0,4.0,10512.0,1854.5942787180516
1394,,,,,,,
1395,Rathenow,,,,,,
1396,,,,,,,
1397,Umspannwerk Willmersdorf,3.0,3.0,0.0,8.9,23389.2,1762.7895558309945
1398,,,,,,,
1399,Unterwerk Neuhof,,,,,,
1400,Klosterfelde,,,,,,
1401,,,,,,,
1402,Etzin,14.0,14.0,0.0,28.0,73584.0,1396.0359932179883
1403,Umspannstation Turnow,,,,,,
1404,GUW 9 Kirschallee,,,,,,
1405,Umspannwerk Schönefeld Nord,,,,,,
1406,Christinendorf,13.0,13.0,0.0,32.5,85410.0,1081.5722621124444
1407,Jühnsdorfer Straße,,,,,,
1408,Uckro,,,,,,
1409,Kemlitz,2.0,2.0,0.0,4.0,10512.0,4101.885569266334
1410,Umspannwerk Vierraden,,,,,,
1411,KKW Rheinsberg,,,,,,
1412,Rheinsberg,,,,,,
1413,,,,,,,
1414,Stellrechner Potsdam Stadt,,,,,,
1415,Brandenburg-West,,,,,,
1416,Wildau,,,,,,
1417,Trafostation,,,,,,
1418,,,,,,,
1419,,,,,,,
1420,Cottbus/Halde,2.0,2.0,0.0,4.0,10512.0,308.38663151172375
1421,UW Nuthe,,,,,,
1422,Ketzin,,,,,,
1423,S-Bahn Gleichrichterunterwerk Potsdam,,,,,,
1424,,,,,,,
1425,S-Bahn Gleichrichterunterwerk Birkenwerder,,,,,,
1426,,,,,,,
1427,,,,,,,
1428,Schaltposten Halbe,,,,,,
1429,Umspannwerk Baruth,,,,,,
1430,Bardenitz,,,,,,
1431,,,,,,,
1432,Luckenwalde,,,,,,
1433,Jüterbog,,,,,,
1434,Markendorf Wind,,,,,,
1435,Charlottenfelde,12.0,12.0,0.0,34.41,90429.48,1674.9120264278706
1436,Güstow,5.0,5.0,0.0,15.350000000000001,40339.799999999996,720.6753506382544
1437,,,,,,,
1438,Spremberg,1.0,0.0,1.0,0.09309999999999999,97.86671999999999,2349.3402361788985
1439,Eisenhüttenstadt,,,,,,
1440,Dahlewitz,,,,,,
1441,Drewitz,,,,,,
1442,Umspannwerk Potsdam Zentrum,,,,,,
1443,Liebenwalde,,,,,,
1444,Premnitz,,,,,,
1445,Lehnin,,,,,,
1446,Brandenburg Klingenbergstraße,,,,,,
1447,Brandenburg Nord,,,,,,
1448,Lübnitz,,,,,,
1449,Cottbus/Nord,10.0,10.0,0.0,20.0,52560.0,1104.9508255401158
1450,,,,,,,
1451,,,,,,,
1452,,,,,,,
1453,S-Bahn Gleichrichterunterwerk Hohen Neuendorf,,,,,,
1454,Umspannwerk Perleberg,,,,,,
1455,Schaltposten Hohen-Neuendorf,,,,,,
1456,Kirchmöser,,,,,,
1457,,,,,,,
1458,,,,,,,
1459,Beetz,,,,,,
1460,,,,,,,
1461,Umspannwerk Prenzlau,,,,,,
1462,Umspannwerk Baruth Nord,,,,,,
1463,,,,,,,
1464,Umspannwerk Erkner,,,,,,
1465,Brieskow-Finkenheerd,,,,,,
1466,Dauer,15.0,15.0,0.0,31.31,82282.68,1375.8213583754962
1467,Wilsickow,28.0,28.0,0.0,68.5,180018.0,3946.7188116601087
1468,Angermünde,,,,,,
1469,Mürow Oberdorf,15.0,15.0,0.0,67.8,178178.4,3684.040175797767
1470,Heinrichsfeld,8.0,8.0,0.0,16.0,42048.0,1429.0149057370088
1471,Neustadt/Dosse,,,,,,
1472,Bad Freienwalde,,,,,,
1473,Umspannwerk Schönefeld Süd,,,,,,
1474,,,,,,,
1475,,,,,,,
1476,,,,,,,
1477,,,,,,,
1478,Umspannwerk,,,,,,
1479,,,,,,,
1480,Kyritz,,,,,,
1481,Schwedt Heinersdorf,,,,,,
1482,Finow,,,,,,
1483,Eberswalde,,,,,,
1484,Letschin,,,,,,
1485,Falkenhagen,,,,,,
1486,Umspannwerk Wittstock,,,,,,
1487,Umspannwerk Pritzwalk,,,,,,
1488,Umspannwerk Jabel,,,,,,
1489,Umspannwerk Schwarzheide-Ost,,,,,,
1490,Umspannwerk,,,,,,
1491,,,,,,,
1492,,1.0,0.0,1.0,8.4,8830.08,1835.8778269908626
1493,Fürstenwalde,,,,,,
1494,,,,,,,
1495,Herzfelde,,,,,,
1496,Oranienburg,,,,,,
1497,,,,,,,
1498,,4.0,4.0,0.0,3.4,8935.199999999999,2446.8004424659425
1499,Neuruppin,,,,,,
1500,UW Batzlow,,,,,,
1501,,,,,,,
1502,,,,,,,
1503,,,,,,,
1504,,,,,,,
1505,Malterhausen Siedlung,,,,,,
1506,,,,,,,
1507,,,,,,,
1508,,,,,,,
1509,Karstädt,,,,,,
1510,Umformerwerk Wittenberge,,,,,,
1511,Wittenberge,,,,,,
1512,,,,,,,
1513,Priort Dorf,,,,,,
1514,,,,,,,
1515,Frankfurt (Oder) Autobahn,,,,,,
1516,Trafostation Paaren Dorf,,,,,,
1517,,,,,,,
1518,Beeskow,1.0,1.0,0.0,2.0,5256.0,601.8990856171143
1519,Niederlehme,,,,,,
1520,,,,,,,
1521,Döbern,4.0,4.0,0.0,22.4,58867.2,8780.433639958563
1522,,,,,,,
1523,,,,,,,
1524,,,,,,,
1525,,,,,,,
1526,Umspannwerk Bad Liebenwerda,,,,,,
1527,,,,,,,
1528,GUW 4 Babelsberg,,,,,,
1529,,,,,,,
1530,,,,,,,
1531,,,,,,,
1532,,,,,,,
1533,,,,,,,
1534,,,,,,,
1535,,,,,,,
1536,F526,,,,,,
1537,,,,,,,
1538,Gleichrichterunterwerk I,,,,,,
1539,Weinbergstr.,,,,,,
1540,,,,,,,
1541,GUW 2,,,,,,
1542,,,,,,,
1543,,,,,,,
1544,,,,,,,
1545,,,,,,,
1546,Wichmannsdorf,,,,,,
1547,,,,,,,
1548,,,,,,,
1549,,,,,,,
1550,,,,,,,
1551,Schaltposten Falkenhagener Kreuz,,,,,,
1552,Umformerwerk Neustadt (Dosse),,,,,,
1553,,,,,,,
1554,,,,,,,
1555,,,,,,,
1556,Poliklinik,,,,,,
1557,,,,,,,
1558,,,,,,,
1559,,,,,,,
1560,,2.0,0.0,2.0,15.18,15957.216,1369.7560305500422
1561,,,,,,,
1562,,,,,,,
1563,,,,,,,
1564,,,,,,,
1565,,,,,,,
1566,,,,,,,
1567,Neukammer,44.0,41.0,3.0,108.67,237697.34399999998,2903.9298368889567
1568,,,,,,,
1569,Badingen,5.0,5.0,0.0,9.5,24966.0,1079.2178633277033
1570,,,,,,,
1571,Umspannwerk Neuenhagen,,,,,,
1572,,,,,,,
1573,Mechow,,,,,,
1574,,,,,,,
1575,Eisenhüttenstadt Stadt,,,,,,
1576,TS Dappstraße,,,,,,
1577,GUW 4,,,,,,
1578,,,,,,,
1579,,,,,,,
1580,,,,,,,
1581,,,,,,,
1582,Treuenbrietzen,,,,,,
1583,,4.0,3.0,1.0,6.63,16430.256,4580.2406327255685
1584,Umrichterwerk Doberlug-Kirchhain,,,,,,
1585,,,,,,,
1586,Seelow,19.0,18.0,1.0,96.74000000000001,221451.048,3500.4837279260064
1587,,,,,,,
1588,Briesen Dorf,,,,,,
1589,,,,,,,
1590,Trafostation,2.0,2.0,0.0,9.8,25754.4,4245.347344446061
1591,,,,,,,
1592,,,,,,,
1593,,,,,,,
1594,,,,,,,
1595,,,,,,,
1596,,,,,,,
1597,,,,,,,
1598,,63.0,0.0,63.0,73.79,77568.048,3852.677147758318
1599,,,,,,,
1600,Zossen,,,,,,
1601,Waldow/Tornow,,,,,,
1602,Groß Köris,,,,,,
1603,,,,,,,
1604,UW,4.0,4.0,0.0,8.0,21024.0,1747.9055293210463
1605,Bahnstrom Unterwerk Borne,,,,,,
1606,,,,,,,
1607,Trafostation West,,,,,,
1608,Schalthaus West,,,,,,
1609,,,,,,,
1610,Trafohaus,,,,,,
1611,,,,,,,
1612,Schönwalde,,,,,,
1613,Umspannstation,10.0,10.0,0.0,20.0,52560.0,948.3300140280671
1614,,,,,,,
1615,Altsprucke,,,,,,
1616,,,,,,,
1617,Friesack,,,,,,
1618,Basedow,1.0,0.0,1.0,3.2,3363.8399999999997,1827.4548457730966
1619,Umspannstation Lüdersdorf,14.0,14.0,0.0,21.0,55188.0,1838.3058822299045
1620,,,,,,,
1621,Umspannwerk Vierraden,,,,,,
1622,,,,,,,
1623,,,,,,,
1624,,,,,,,
1625,,,,,,,
1626,,,,,,,
1627,Lübbenau,,,,,,
1628,UW Vetschau,,,,,,
1629,Peitz,37.0,0.0,37.0,46.0,48355.2,1233.4989348518209
1630,Umspannwerk SPB,,,,,,
1631,,1.0,0.0,1.0,0.0746,78.41951999999999,1935.2417601288173
1632,Umspannwerk Freienhufen,1.0,1.0,0.0,2.4,6307.2,2727.0541861989036
1633,Umspannwerk Kostebrau,23.0,22.0,1.0,99.36500000000001,194330.088,2202.6876190966736
1634,Umspannwerk Schwarzheide-Ost / Einspeisung Windpark Biehlen,,,,,,
1635,,,,,,,
1636,,,,,,,
1637,Altes Umspannwerk Welzow,,,,,,
1638,Umspannwerk Finsterwalde,,,,,,
1639,Umspannstation Lübben West,,,,,,
1640,,,,,,,
1641,Prenzlau Flugplatz Solar,,,,,,
1642,,1.0,1.0,0.0,3.2,8409.6,4844.372290359466
1643,,,,,,,
1644,,,,,,,
1645,,,,,,,
1646,,,,,,,
1647,,,,,,,
1648,Fürstenwalde Flugplatz,6.0,0.0,6.0,34.72,36497.664000000004,1230.4282693312982
1649,,,,,,,
1650,,,,,,,
1651,,,,,,,
1652,,,,,,,
1653,,,,,,,
1654,,,,,,,
1655,S-Bahn Gleichrichterunterwerk Frohnau,,,,,,
1656,Dahlwitz-Hoppegarten,,,,,,
1657,Bebersee Dorf,,,,,,
1658,,,,,,,
1659,,,,,,,
1660,UW Solarpark Mixdorf,4.0,0.0,4.0,22.79904,23966.350848000002,3580.566082176441
1661,,,,,,,
1662,,,,,,,
1663,,,,,,,
1664,,,,,,,
1665,,,,,,,
1666,Alteno,1.0,1.0,0.0,2.0,5256.0,5849.661752006436
1667,Willmersdorf,8.0,2.0,6.0,30.903,38792.4336,2704.491997575934
1668,UW Lübben Nord,,,,,,
1669,,39.0,39.0,0.0,59.7,156891.6,1343.3146674257544
1670,Willmersdorf West,5.0,0.0,5.0,14.381999999999998,15118.3584,2251.5868223746847
1671,Trafostation Groß Väter,,,,,,
1672,,,,,,,
1673,Teltow,,,,,,
1674,,1.0,1.0,0.0,1.0,2628.0,581.0849593803183
1675,,,,,,,
1676,,5.0,0.0,5.0,9.711,10208.2032,3693.762004038592
1677,Schaltwerk Kirchmöser,,,,,,
1678,Unterwerk Schönefeld,,,,,,
1679,,,,,,,
1680,,,,,,,
1681,,,,,,,
1682,,,,,,,
1683,,,,,,,
1684,,,,,,,
1685,,,,,,,
1686,,,,,,,
1687,,,,,,,
1688,,,,,,,
1689,,,,,,,
1690,,,,,,,
1691,Bergholz-Rehbrücke,,,,,,
1692,Umspannwerk Senftenberg West,6.0,0.0,6.0,71.7,75371.04,14.703190850934286
1693,Birkholz,4.0,4.0,0.0,8.0,21024.0,1399.2787425889187
1694,,5.0,5.0,0.0,7.5,19710.0,1259.37796315622
1695,,,,,,,
1696,Strausberg,,,,,,
1697,Gratze,11.0,11.0,0.0,25.6,67276.8,6375.788474535436
1698,Eberswalde Flugplatz,,,,,,
1699,,,,,,,
1700,,,,,,,
1701,Fürstenwalde-Süd,,,,,,
1702,Marquardt,,,,,,
1703,Heidekrug,9.0,9.0,0.0,16.0,42048.0,2383.8730869688034
1704,Zinndorf,1.0,1.0,0.0,2.0,5256.0,1425.4636097576756
1705,,3.0,3.0,0.0,5.65,14848.2,1609.5951995809837
1706,Häsen,9.0,9.0,0.0,18.0,47304.0,2561.8533121539585
1707,Umspannstation Klein Mutz,11.0,11.0,0.0,24.15,63466.2,736.5382922838385
1708,Brandenburg Hohenstücken,,,,,,
1709,,,,,,,
1710,Solar-UW Tieckow,,,,,,
1711,Bliesdorf,24.0,22.0,2.0,40.58,102103.056,1341.5015434745892
1712,Wriezen,1.0,0.0,1.0,2.7738,2915.81856,359.77434157868794
1713,Wriezen Höhe,17.0,14.0,3.0,34.46393,82665.243216,5716.4799372858115
1714,Mittenwalde,,,,,,
1715,Trafostation Kurtschlag Dorf,,,,,,
1716,,22.0,22.0,0.0,57.449999999999996,150978.6,1754.2917891388656
1717,,,,,,,
1718,Schaltposten Bergholz,,,,,,
1719,Schaltposten Glasower Damm,,,,,,
1720,Schaltposten Griebnitzsee,,,,,,
1721,Umspannstation Lübben Süd,,,,,,
1722,,3.0,3.0,0.0,7.5,19710.0,4069.4138553808552
1723,Trafostation Zehdenick Neitzelstich,,,,,,
1724,,,,,,,
1725,,11.0,11.0,0.0,36.3,95396.4,2392.3691102333173
1726,,,,,,,
1727,Prützke NORD,,,,,,
1728,,,,,,,
1729,Groß Schönebeck Station Siedlung,,,,,,
1730,,,,,,,
1731,,9.0,0.0,9.0,69.6724,73239.62688,4993.862472353596
1732,Umspannstation Bahnsdorf,,,,,,
1733,,,,,,,
1734,,,,,,,
1735,,,,,,,
1736,,,,,,,
1737,,,,,,,
1738,,,,,,,
1739,Granzow,,,,,,
1740,,,,,,,
1741,,,,,,,
1742,,,,,,,
1743,,,,,,,
1744,,,,,,,
1745,Eberswalde 1,11.0,0.0,11.0,80.8819,85023.05328,2650.9412629696267
1746,Neu Rietz,22.0,22.0,0.0,53.97,141833.16,2471.799455003041
1747,,,,,,,
1748,,,,,,,
1749,,15.0,11.0,4.0,137.17000000000002,178882.704,3646.237989583866
1750,,,,,,,
1751,,,,,,,
1752,,,,,,,
1753,,,,,,,
1754,,4.0,0.0,4.0,60.0,63072.0,2377.7893043273307
1755,,,,,,,
1756,,,,,,,
1757,,,,,,,
1758,,,,,,,
1759,6202,,,,,,
1760,Trafostation Steinfeld,,,,,,
1761,Schaltposten Halbe,,,,,,
1762,,,,,,,
1763,TST Hamburger Ring,,,,,,
1764,Reckahn,6.0,2.0,4.0,35.765,42326.568,807.897917924634
1765,,,,,,,
1766,Station Densow,,,,,,
1767,,,,,,,
1768,STS Beelitz-Schönefeld,,,,,,
1769,,,,,,,
1770,,,,,,,
1771,,,,,,,
1772,Schaltposten Elsterwerda,,,,,,
1773,,,,,,,
1774,UW Ortrand,,,,,,
1775,,,,,,,
1776,,,,,,,
1777,,,,,,,
1778,,,,,,,
1779,TST Elstal Dorf,,,,,,
1780,,,,,,,
1781,,,,,,,
1782,,,,,,,
1783,,,,,,,
1784,,,,,,,
1785,,,,,,,
1786,,,,,,,
1787,,,,,,,
1788,,,,,,,
1789,,,,,,,
1790,,,,,,,
1791,,,,,,,
1792,,,,,,,
1793,,,,,,,
1794,Pillgram,18.0,18.0,0.0,66.95,175944.6,3437.7795171858975
1795,,,,,,,
1796,,,,,,,
1797,,,,,,,
1798,,,,,,,
1799,TST Wolfswerder,,,,,,
1800,,,,,,,
1801,Umspannwerk Kemnitz,10.0,10.0,0.0,18.0,47304.0,791.816395224087
1802,Vehlin,34.0,21.0,13.0,171.775,240330.59999999998,2814.8026262002713
1803,,,,,,,
1804,Haindl,,,,,,
1805,,,,,,,
1806,,,,,,,
1807,Umspannwerk Großräschen,2.0,2.0,0.0,4.8,12614.4,1967.6851040040706
1808,,,,,,,
1809,Schrepkow,2.0,2.0,0.0,11.0,28908.0,1743.6267499442565
1810,Kletzke,,,,,,
1811,,,,,,,
1812,,,,,,,
1813,,,,,,,
1814,,,,,,,
1815,,,,,,,
1816,Kantow Nord,8.0,8.0,0.0,25.0,65700.0,905.8774247574746
1817,Kantow,13.0,13.0,0.0,30.5,80154.0,1887.338292370188
1818,Kränzlin,18.0,18.0,0.0,34.0,89352.0,1559.905972127947
1819,,,,,,,
1820,,,,,,,
1821,,,,,,,
1822,,,,,,,
1823,,,,,,,
1824,,,,,,,
1825,,,,,,,
1826,GUW 11 Betriebshof,,,,,,
1827,TST Schmerberger Straße,,,,,,
1828,,,,,,,
1829,Gleichrichterunterwerk Blankenfelde,,,,,,
1830,,,,,,,
1831,,,,,,,
1832,,,,,,,
1833,Angermünde TS Bahnhof,,,,,,
1834,Metzdorf,,,,,,
1835,,,,,,,
1836,,,,,,,
1837,,,,,,,
1838,TS Birkenalle,,,,,,
1839,Beiersdorf,29.0,29.0,0.0,70.9,186325.19999999998,4946.318622864638
1840,Trafostation Kant Straße,,,,,,
1841,Trafostation NETTO,,,,,,
1842,Trafostation Lindenstraße,,,,,,
1843,Trafostation Thälmannplatz,,,,,,
1844,Trafostation Liebermann Straße,,,,,,
1845,,,,,,,
1846,,,,,,,
1847,,,,,,,
1848,,,,,,,
1849,,,,,,,
1850,,,,,,,
1851,,,,,,,
1852,,,,,,,
1853,Trst Kappan,,,,,,
1854,Trst Am Bahnhof,9.0,9.0,0.0,20.1,52822.8,1396.6493905008767
1855,,,,,,,
1856,,,,,,,
1857,Wasserturm,,,,,,
1858,,,,,,,
1859,Märchenwiese,,,,,,
1860,,,,,,,
1861,Trafostation Brücke Kaufland,,,,,,
1862,Kerkow TrSt VEG,,,,,,
1863,TrSt Schillerstraße,,,,,,
1864,Prützke Süd,,,,,,
1865,Netzen,,,,,,
1866,Wind-UW Wusterwitz,,,,,,
1867,MVA Danna,,,,,,
1868,Möthlitz,5.0,5.0,0.0,10.0,26280.0,806.2953879385282
1869,Seefeld,1.0,1.0,0.0,4.2,11037.6,2794.8971454308557
1870,Sydower Fließ West,11.0,11.0,0.0,33.5,88038.0,1010.3031020836078
1871,,,,,,,
1872,,3.0,3.0,0.0,4.5,11826.0,2158.534513676525
1873,,,,,,,
1874,,,,,,,
1875,,,,,,,
1876,,,,,,,
1877,TrSt Am Annatal,,,,,,
1878,,,,,,,
1879,,,,,,,
1880,,9.0,9.0,0.0,51.279999999999994,134763.84,3085.020996229453
1881,,,,,,,
1882,,21.0,21.0,0.0,63.775,167600.69999999998,5877.401089555652
1883,,5.0,5.0,0.0,7.5,19710.0,1842.756432601595
1884,,,,,,,
1885,,,,,,,
1886,,,,,,,
1887,,,,,,,
1888,,,,,,,
1889,,,,,,,
1890,,,,,,,
1891,,,,,,,
1892,Malterhausen Vorwerk 2,,,,,,
1893,,,,,,,
1894,,,,,,,
1895,,,,,,,
1896,,5.0,5.0,0.0,10.0,26280.0,2659.6092444687056
1897,,,,,,,
1898,Umspannstation Proschim,4.0,4.0,0.0,11.225000000000001,29499.3,475.22246650470254
1899,,,,,,,
1900,Umspannstation Putlitz,,,,,,
1901,Lychen Vogelgesangstraße,,,,,,
1902,Nauen,,,,,,
1903,,,,,,,
1904,,,,,,,
1905,,,,,,,
1906,,3.0,3.0,0.0,6.0,15768.0,3343.8178565986295
1907,,,,,,,
1908,,,,,,,
1909,,,,,,,
1910,,,,,,,
1911,,,,,,,
1912,,,,,,,
1913,Umspannwerk Elsterwerda,,,,,,
1914,,,,,,,
1915,,,,,,,
1916,,,,,,,
1917,,,,,,,
1918,,,,,,,
1919,,,,,,,
1920,,,,,,,
1921,,,,,,,
1922,Trafohäusschen,,,,,,
1923,,,,,,,
1924,,,,,,,
1925,,,,,,,
1926,,,,,,,
1927,,4.0,4.0,0.0,12.0,31536.0,1299.1629722549058
1928,,,,,,,
1929,,,,,,,
1930,,,,,,,
1931,,,,,,,
1932,,,,,,,
1933,Trafostation,,,,,,
1934,,,,,,,
1935,TST 1115,5.0,5.0,0.0,19.0,49932.0,4203.016035378496
1936,,,,,,,
1937,,,,,,,
1938,Eberswalde Hafen,,,,,,
1939,,,,,,,
1940,,,,,,,
1941,,,,,,,
1942,,,,,,,
1943,,,,,,,
1944,Wegendorf TS WKA,9.0,9.0,0.0,18.0,47304.0,1760.4441523893954
1945,,,,,,,
1946,Angermünde TS Markt,,,,,,
1947,Baumgarten,2.0,2.0,0.0,6.9,18133.2,1175.3592025692637
1948,,,,,,,
1949,,,,,,,
1950,,9.0,9.0,0.0,13.5,35478.0,2142.7511450392662
1951,,11.0,11.0,0.0,16.5,43362.0,2272.101130058682
1952,,,,,,,
1953,,,,,,,
1954,,,,,,,
1955,,,,,,,
1956,,,,,,,
1957,,,,,,,
1958,,,,,,,
1959,,,,,,,
1960,,,,,,,
1961,TS Templiner Straße,,,,,,
1962,,,,,,,
1963,Umspannwerk Gräfendorf,,,,,,
1964,,,,,,,
1965,,38.0,38.0,0.0,126.4,332179.19999999995,3138.134273078733
1966,,,,,,,
1967,,,,,,,
1968,,,,,,,
1969,Eckmannsdorf,14.0,14.0,0.0,22.0,57816.0,1680.0718610792076
1970,TS Oderberger Chaussee,,,,,,
1971,,,,,,,
1972,,,,,,,
1973,,,,,,,
1974,,,,,,,
1975,Rüdersdorf Gleichrichterwerk,,,,,,
1976,,,,,,,
1977,,,,,,,
1978,,,,,,,
1979,,,,,,,
1980,,,,,,,
1981,,,,,,,
1982,,,,,,,
1983,,,,,,,
1984,,,,,,,
1985,Gleichrichterunterwerk Waßmannsdorf,,,,,,
1986,Gleichrichterunterwerk Schönefeld,,,,,,
1987,S-Bahn Gleichrichterunterwerk Bernau,,,,,,
1988,,,,,,,
1989,Gleichrichterunterwerk Mahlow,,,,,,
1990,Gleichrichterunterwerk Fredersdorf,,,,,,
1991,S-Bahn Gleichrichterunterwerk Griebnitzsee,,,,,,
1992,S-Bahn Gleichrichterunterwerk Erkner,,,,,,
1993,S-Bahn Gleichstromunterwerk Hegermühle,,,,,,
1994,,,,,,,
1995,Transformatorenturmstation Muehlberg a. d. Elbe,11.0,0.0,11.0,14.350000000000001,15084.719999999998,6766.471257553272
1996,,12.0,12.0,0.0,26.475,69576.3,4561.635044431868
1997,,4.0,4.0,0.0,9.9,26017.2,1868.6441899316499
1998,,,,,,,
1999,,,,,,,
2000,,,,,,,
2001,,,,,,,
2002,,,,,,,
2003,,,,,,,
2004,,,,,,,
2005,Am UW,,,,,,
2006,Trafostation Seilerstraße,,,,,,
2007,Wollin 3,,,,,,
2008,,1.0,1.0,0.0,1.5,3942.0,2697.076236478062
2009,,,,,,,
2010,Schaltposten,,,,,,
2011,,,,,,,
2012,,,,,,,
2013,,,,,,,
2014,,,,,,,
2015,Groß Dölln,,,,,,
2016,,19.0,16.0,3.0,48.68,115158.95999999999,3294.1989594314487
2017,,50.0,50.0,0.0,102.67,269816.76,4284.487268511887
2018,,,,,,,
2019,,,,,,,
2020,,,,,,,
2021,,,,,,,
2022,,,,,,,
2023,,,,,,,
2024,,,,,,,
2025,,,,,,,
2026,,,,,,,
2027,,,,,,,
2028,Umspannwerk Flughafen BER,,,,,,
2029,,,,,,,
2030,,,,,,,
2031,Trafostation Wasserturm,,,,,,
2032,Trafostation Ärztehaus Nord,,,,,,
2033,,,,,,,
2034,Gubener Str. 3,,,,,,
2035,,,,,,,
2036,Angermünde TS Poliklinik,,,,,,
2037,,10.0,10.0,0.0,40.5,106434.0,1368.8486685246942
2038,,,,,,,
2039,,9.0,9.0,0.0,26.5,69642.0,4851.413555095791
2040,Wind-UW Fröhden,,,,,,
2041,,,,,,,
2042,,,,,,,
2043,,,,,,,
2044,,,,,,,
2045,,,,,,,
2046,,,,,,,
2047,,,,,,,
2048,,11.0,0.0,11.0,54.4,57185.28,3357.7393139679957
2049,,,,,,,
2050,,,,,,,
2051,,,,,,,
2052,,,,,,,
2053,,,,,,,
2054,,,,,,,
2055,,,,,,,
2056,,,,,,,
2057,,,,,,,
2058,,,,,,,
2059,,,,,,,
2060,,,,,,,
2061,,,,,,,
2062,,,,,,,
2063,,,,,,,
2064,,,,,,,
2065,,,,,,,
2066,,,,,,,
2067,,,,,,,
2068,,,,,,,
2069,,,,,,,
2070,Trafo,1.0,1.0,0.0,2.0,5256.0,977.3024204637782
2071,TST Am Findling,,,,,,
2072,,,,,,,
2073,Schaltstation,,,,,,
2074,,,,,,,
2075,Schrepkow Nord,9.0,9.0,0.0,32.129,84435.012,1818.2105899759747
2076,Kränzlin Nord,8.0,8.0,0.0,12.0,31536.0,781.0860170776369
2077,Umrichterwerk Frankfurt (Oder)-Rosengarten,,,,,,
2078,Fürstenberg,,,,,,
2079,,,,,,,
2080,,,,,,,
2081,,,,,,,
2082,,,,,,,
2083,,,,,,,
2084,,,,,,,
2085,,,,,,,
2086,,,,,,,
2087,Autotransformatorstation Prenzlau,,,,,,
2088,,,,,,,
2089,Golm,,,,,,
2090,Umformwerk Cottbus,,,,,,
2091,Klein Döbbern Cottbuser Straße,,,,,,
2092,,2.0,0.0,2.0,24.48,25733.375999999997,2512.473254328673
2093,TS Torhäuser,,,,,,
2094,,,,,,,
2095,,,,,,,
2096,GUW 16 Luisenplatz,,,,,,
2097,GUW 8 Kiepenheuerallee,,,,,,
2098,,,,,,,
2099,,,,,,,
2100,,,,,,,
2101,Am Spring,,,,,,
2102,Umspannwerk Kuhsdorf / Kuhsdorf Süd,,,,,,
2103,Wursthof,,,,,,
2104,,,,,,,
2105,,,,,,,
2106,,,,,,,
2107,,,,,,,
2108,,,,,,,
2109,,,,,,,
2110,,,,,,,
2111,,,,,,,
2112,,,,,,,
2113,,,,,,,
2114,,,,,,,
2115,,,,,,,
2116,Umspannwerk Saßleben,,,,,,
2117,,,,,,,
2118,,,,,,,
2119,,,,,,,
2120,,,,,,,
2121,,,,,,,
2122,,,,,,,
2123,,14.0,14.0,0.0,39.1,102754.79999999999,5142.9484682974235
2124,,,,,,,
2125,"Lychen, Bahnhofstraße",,,,,,
2126,,,,,,,
2127,,,,,,,
2128,Lychen Berliner Straße,,,,,,
2129,,,,,,,
2130,Umspannwerk Roggosen,4.0,0.0,4.0,36.375,38237.4,1543.966672804631
2131,,,,,,,
2132,,,,,,,
2133,Heinersdorf,,,,,,
2134,,1.0,0.0,1.0,9.245,9718.344,3497.926023265098
2135,,,,,,,
2136,Gewerbegebiet 1,,,,,,
2137,,,,,,,
2138,,,,,,,
2139,,,,,,,
2140,,,,,,,
2141,,,,,,,
2142,,,,,,,
2143,,,,,,,
2144,,,,,,,
2145,,28.0,28.0,0.0,58.05,152555.4,1551.80962223409
2146,,2.0,2.0,0.0,6.3,16556.4,1988.7131628250809
2147,,,,,,,
2148,Spitzmühle,,,,,,
2149,,,,,,,
2150,,8.0,8.0,0.0,9.0,23652.0,5555.7759559107135
2151,,4.0,4.0,0.0,5.4,14191.2,4663.599125626752
2152,,28.0,28.0,0.0,45.9,120625.2,2892.6004038029273
2153,,,,,,,
2154,,,,,,,
2155,,,,,,,
2156,,,,,,,
2157,,7.0,7.0,0.0,16.099999999999998,42310.799999999996,1055.1233655633644
2158,Umspannwerk Feldheim,55.0,55.0,0.0,135.2,355305.6,1532.6084418649066
2159,,,,,,,
2160,,1.0,1.0,0.0,2.0,5256.0,6631.544522236808
2161,,,,,,,
2162,,1.0,1.0,0.0,3.45,9066.6,1246.2572377372255
2163,,,,,,,
2164,,,,,,,
2165,,,,,,,
2166,,,,,,,
2167,,,,,,,
2168,,,,,,,
2169,,,,,,,
2170,,,,,,,
2171,,11.0,9.0,2.0,82.8,118260.0,5305.269262632882
2172,,5.0,5.0,0.0,16.0,42048.0,1731.1088071707502
2173,,,,,,,
2174,,,,,,,
2175,,,,,,,
2176,,,,,,,
2177,,3.0,3.0,0.0,4.5,11826.0,1293.775583368941
2178,,,,,,,
2179,,12.0,12.0,0.0,18.0,47304.0,1634.561908214944
2180,,,,,,,
2181,,,,,,,
2182,,,,,,,
2183,,,,,,,
2184,,,,,,,
2185,,,,,,,
2186,,,,,,,
2187,,,,,,,
2188,,,,,,,
2189,,,,,,,
2190,,,,,,,
2191,,,,,,,
2192,,,,,,,
2193,,,,,,,
2194,,,,,,,
2195,,,,,,,
2196,,,,,,,
2197,,,,,,,
2198,,,,,,,
2199,,,,,,,
2200,,,,,,,
2201,,,,,,,
2202,,,,,,,
2203,,,,,,,
2204,,,,,,,
2205,,,,,,,
2206,GUW 3 Heinreich-Mann-Allee,,,,,,
2207,,,,,,,
2208,,,,,,,
2209,,,,,,,
2210,,,,,,,
2211,,,,,,,
2212,,,,,,,
2213,,,,,,,
2214,,,,,,,
2215,,,,,,,
2216,,,,,,,
2217,,,,,,,
2218,,,,,,,
2219,,,,,,,
2220,,,,,,,
2221,,,,,,,
2222,,,,,,,
2223,,,,,,,
2224,,,,,,,
2225,,,,,,,
2226,,30.0,28.0,2.0,96.5212,196622.96544,3420.450351408888
2227,,,,,,,
2228,,,,,,,
2229,,,,,,,
2230,,,,,,,
2231,,,,,,,
2232,,,,,,,
2233,,,,,,,
2234,,,,,,,
2235,,,,,,,
2236,,12.0,12.0,0.0,24.0,63072.0,1212.8574285615712
2237,,2.0,0.0,2.0,14.600000000000001,15347.519999999999,2001.0180359215117
2238,,6.0,6.0,0.0,9.0,23652.0,2051.4401069051974
2239,,,,,,,
2240,,,,,,,
2241,,,,,,,
2242,Umspannwerk Wittstock Solar,15.0,15.0,0.0,9.0,23652.0,4855.0999709660155
2243,,31.0,31.0,0.0,47.0,123516.0,2909.239306717062
2244,,,,,,,
2245,,,,,,,
2246,,,,,,,
2247,,,,,,,
2248,,,,,,,
2249,,,,,,,
2250,,,,,,,
2251,,,,,,,
2252,,,,,,,
2253,,,,,,,
2254,,,,,,,
2255,,,,,,,
2256,,4.0,4.0,0.0,8.0,21024.0,3149.3418488704056
2257,,,,,,,
2258,,,,,,,
2259,UW PV-Park Perleberg,,,,,,
2260,,,,,,,
2261,,,,,,,
2262,Metzdof Nord,,,,,,
2263,,,,,,,
2264,,,,,,,
2265,Trafostation Birkenstraße,,,,,,
2266,Schaltstation Jägerberg,,,,,,
2267,,,,,,,
2268,,,,,,,
2269,,,,,,,
2270,SST Thomsdorf,,,,,,
2271,,,,,,,
2272,,,,,,,
2273,,,,,,,
2274,,,,,,,
2275,Umspannwerk Senftenberg,,,,,,
2276,,,,,,,
2277,,,,,,,
2278,,,,,,,
2279,,,,,,,
2280,,,,,,,
2281,Umspannwerk Gransee,1.0,1.0,0.0,2.0,5256.0,1205.6645493455317
2282,,,,,,,
2283,,,,,,,
2284,Transformatorenstation Langennaundorf - Auf dem Anger,,,,,,
2285,,12.0,12.0,0.0,23.725,62349.299999999996,3640.4443177936096
2286,,,,,,,
2287,,,,,,,
2288,Wind-UW Schlalach,13.0,13.0,0.0,29.9,78577.2,1254.81707878914
2289,,,,,,,
2290,,,,,,,
2291,,2.0,2.0,0.0,4.0,10512.0,4651.683998625899
2292,,,,,,,
2293,,,,,,,
2294,,,,,,,
2295,,,,,,,
2296,Umspannwerk Lübben,,,,,,
2297,,,,,,,
2298,,,,,,,
2299,,,,,,,
2300,GUW 19 Stern,,,,,,
2301,,,,,,,
2302,,,,,,,
2303,,1.0,0.0,1.0,37.29,39199.24799999999,5629.466335306074
2304,,,,,,,
2305,,,,,,,
2306,,,,,,,
2307,,,,,,,
2308,,1.0,0.0,1.0,72.912,76645.09440000002,5102.196212569291
2309,,,,,,,
2310,Uckley,13.0,13.0,0.0,46.5,122202.0,1455.9395660522366
2311,GUW 17 Glienicker Brücke,,,,,,
2312,,,,,,,
2313,Trafostation Puschkinstraße,,,,,,
2314,,,,,,,
2315,,,,,,,
2316,,,,,,,
2317,,,,,,,
2318,,,,,,,
2319,,4.0,1.0,3.0,74.7,80889.84,7230.3534256573175
2320,,,,,,,
2321,,,,,,,
2322,,,,,,,
2323,,,,,,,
2324,,,,,,,
2325,TST Paul-Neumann-Str.,,,,,,
2326,Umspannwerk Rogossen/Nord,,,,,,
2327,UW Cremzow,4.0,4.0,0.0,13.8,36266.4,3722.1617800194776
2328,,,,,,,
2329,,,,,,,
2330,,,,,,,
2331,Elisenau,6.0,6.0,0.0,20.6,54136.8,598.9160109085013
2332,,,,,,,
2333,TST Max-Herm-Straße,,,,,,
2334,,,,,,,
2335,,,,,,,
2336,,,,,,,
2337,,,,,,,
2338,,,,,,,
2339,Schaltpunkt Rietz,12.0,12.0,0.0,39.73,104410.44,1799.363960361081
2340,Treuenbrietzen Nord,3.0,3.0,0.0,12.600000000000001,33112.8,2084.0544830020403
2341,,,,,,,
2342,UW Milow,,,,,,
2343,,,,,,,
2344,Trafostation Wustermark Schule,,,,,,
2345,,,,,,,
2346,Jacobsdorf,17.0,17.0,0.0,55.75,146511.0,1531.620447291248
2347,Kerkow,6.0,6.0,0.0,24.55,64517.399999999994,845.9001376072578
2348,Umspannwerk Heiligengrabe,,,,,,
2349,Sadenbeck,15.0,15.0,0.0,24.3,63860.399999999994,3585.9981712944837
2350,Falkenhagen Nord,57.0,48.0,9.0,350.6368,575465.56416,7364.262454985197
2351,Falkenhagen Süd,4.0,4.0,0.0,6.0,15768.0,3043.1998976238197
2352,,,,,,,
2353,UW Petkus,,,,,,
2354,,1.0,1.0,0.0,2.4,6307.2,1209.087644121027
2355,,,,,,,
2356,,,,,,,
2357,,,,,,,
2358,TST Wollenweberstraße,,,,,,
2359,,,,,,,
2360,,,,,,,
2361,,,,,,,
2362,,,,,,,
2363,,,,,,,
2364,,,,,,,
2365,,,,,,,
2366,,,,,,,
2367,erste 110-kV-Kraftübertragungsanlage Europas,,,,,,
2368,,,,,,,
2369,,,,,,,
2370,,21.0,21.0,0.0,52.8,138758.4,2398.0471590427455
2371,,,,,,,
2372,,29.0,29.0,0.0,61.3,161096.4,1159.9163345076404
2373,,,,,,,
2374,,,,,,,
2375,,,,,,,
2376,,,,,,,
2377,Umspannwerk Klettwitz,6.0,4.0,2.0,48.956,72276.3072,2439.925067731543
2378,,,,,,,
2379,,,,,,,
2380,,,,,,,
2381,,,,,,,
2382,,,,,,,
2383,,,,,,,
2384,,,,,,,
2385,,,,,,,
2386,,,,,,,
2387,,,,,,,
2388,,,,,,,
2389,,,,,,,
2390,,,,,,,
2391,,,,,,,
2392,,3.0,3.0,0.0,8.4,22075.2,1356.4817828463545
2393,,,,,,,
2394,,1.0,0.0,1.0,6.3,6622.5599999999995,102.6244622744751
2395,,6.0,6.0,0.0,13.45,35346.6,5936.155078628627
2396,,,,,,,
2397,,,,,,,
2398,Umspannwerk Schipkau,2.0,2.0,0.0,6.6,17344.8,2522.073141887959
2399,Klein Briesen,,,,,,
2400,,,,,,,
2401,,,,,,,
2402,,,,,,,
2403,,,,,,,
2404,,,,,,,
2405,,,,,,,
2406,,,,,,,
2407,,,,,,,
2408,,,,,,,
2409,,,,,,,
2410,,,,,,,
2411,,,,,,,
2412,,,,,,,
2413,Zempow Ost,,,,,,
2414,,,,,,,
2415,,,,,,,
2416,,,,,,,
2417,,,,,,,
2418,,,,,,,
2419,,,,,,,
2420,,,,,,,
2421,TS Windkraftanlage Weesow,1.0,0.0,1.0,50.302,52877.4624,1214.561017346017
2422,Trafohäuschen mit Pilzmotiv,,,,,,
2423,,,,,,,
2424,,,,,,,
2425,,,,,,,
2426,,,,,,,
2427,,,,,,,
2428,Brandenburg Nord,,,,,,
2429,Treuenbrietzen/Feldheim,,,,,,
2430,,,,,,,
2431,,,,,,,
2432,,1.0,0.0,1.0,2.7738,2915.81856,1925.0767820796568
2433,,2.0,2.0,0.0,7.2,18921.6,655.9021146257096
2434,,12.0,12.0,0.0,41.400000000000006,108799.20000000001,1461.5938109812166
2435,TrSt Zauchwitz Luckenwalder Str.,,,,,,
2436,,,,,,,
2437,Glienecke Dorf,,,,,,
2438,Transformatorenstation Reitwein 1,,,,,,
2439,,,,,,,
2440,Transformatorenstation Uhlenhof,5.0,5.0,0.0,12.3,32324.4,1374.366956713249
2441,Cahnsdorf,,,,,,
2442,,22.0,22.0,0.0,68.775,180740.69999999998,1643.436925385491
2443,,,,,,,
2444,,2.0,2.0,0.0,4.0,10512.0,458.7419476473763
2445,Klein Schulzendorf,,,,,,
2446,Riesdorf,,,,,,
2447,Markendorf Süd,,,,,,
2448,,10.0,10.0,0.0,22.9,60181.2,1428.6706240849064
2449,Trafohäuschen mit Blumen,,,,,,
2450,,,,,,,
2451,,,,,,,
2452,,,,,,,
2453,,,,,,,
2454,Ossendorf Nord,,,,,,
2455,,,,,,,
2456,,,,,,,
2457,Netzstation Hörlitz,3.0,3.0,0.0,6.0,15768.0,1304.7673688343114
2458,Falkensee Süd,,,,,,
2459,Trafostation,,,,,,
2460,,9.0,9.0,0.0,18.0,47304.0,1190.1782379611045
2461,,,,,,,
2462,,,,,,,
2463,ÜSt City Center,,,,,,
2464,,,,,,,
2465,,,,,,,
2466,,,,,,,
2467,,,,,,,
2468,,,,,,,
2469,,,,,,,
2470,,,,,,,
2471,,,,,,,
2472,,,,,,,
2473,,,,,,,
2474,,,,,,,
2475,Werneuchen TrSt ZBE,4.0,0.0,4.0,17.599,18500.0688,1515.8292753732073
2476,,,,,,,
2477,,,,,,,
2478,Gransee (EON edis),,,,,,
2479,Umrichterwerk Neustadt (Dosse),,,,,,
2480,Seddin,,,,,,
2481,Umspannstation,,,,,,
2482,St. Glienicker Ch.,,,,,,
2483,,,,,,,
2484,,,,,,,
2485,,,,,,,
2486,,,,,,,
2487,,,,,,,
2488,,,,,,,
2489,,,,,,,
2490,,,,,,,
2491,Gottesgabe Nord,,,,,,
2492,Gottesgabe Süd,,,,,,
2493,Gottesgabe Wriezen,2.0,0.0,2.0,3.9195,4120.1784,540.1241708118134
2494,Umspannstation,,,,,,
2495,,5.0,5.0,0.0,15.3,40208.4,3099.9116633450067
2496,,5.0,5.0,0.0,9.5,24966.0,849.328895057889
2497,,11.0,11.0,0.0,28.9,75949.2,1096.9499403242883
2498,,,,,,,
2499,,,,,,,
2500,,,,,,,
2501,,,,,,,
2502,,,,,,,
2503,,,,,,,
2504,,,,,,,
2505,,,,,,,
2506,,,,,,,
2507,,,,,,,
2508,,,,,,,
2509,,,,,,,
2510,,,,,,,
2511,Am Mühlenberg,,,,,,
2512,,,,,,,
2513,,12.0,12.0,0.0,24.0,63072.0,1561.955276968187
2514,,,,,,,
2515,Trafostation Zichtow Dorf MS-Raum/NS-Raum,13.0,13.0,0.0,26.9,70693.2,1799.7236525939286
2516,,2.0,2.0,0.0,4.0,10512.0,1957.866255555529
2517,,,,,,,
2518,Tuchen,,,,,,
2519,,,,,,,
2520,Umspannwerk Ihlow,24.0,17.0,7.0,72.138255,157194.613656,6699.798623217374
2521,,,,,,,
2522,,12.0,12.0,0.0,9.95,26148.6,3213.424673171505
2523,,,,,,,
2524,,,,,,,
2525,Umspannwerk Kuhsdorf Nord,,,,,,
2526,,,,,,,
2527,,,,,,,
2528,,,,,,,
2529,,,,,,,
2530,,,,,,,
2531,,,,,,,
2532,,,,,,,
2533,,,,,,,
2534,,,,,,,
2535,,,,,,,
2536,,13.0,13.0,0.0,41.599999999999994,109324.79999999999,2125.2823786027575
2537,,,,,,,
2538,,,,,,,
2539,,,,,,,
2540,UW Randowhöhe,26.0,26.0,0.0,59.6,156628.8,1582.2983506014752
2541,,,,,,,
2542,,,,,,,
2543,,,,,,,
2544,,,,,,,
2545,,,,,,,
2546,,,,,,,
2547,Brückermark,,,,,,
2548,,,,,,,
2549,,,,,,,
2550,,,,,,,
2551,,,,,,,
2552,,1.0,0.0,1.0,3.026,3180.9311999999995,4649.35808945351
2553,UW Schönewalde (E.DIS),,,,,,
2554,Wolziger Chaussee,,,,,,
2555,,,,,,,
2556,,6.0,0.0,6.0,26.22,27562.464,1004.2995891779155
2557,,,,,,,
2558,,1.0,1.0,0.0,2.0,5256.0,1152.2712090937252
2559,,,,,,,
2560,,5.0,5.0,0.0,10.7,28119.6,2133.686608295647
2561,,,,,,,
2562,,,,,,,
2563,,,,,,,
2564,,,,,,,
2565,,,,,,,
2566,,,,,,,
2567,,,,,,,
2568,,,,,,,
2569,Trafostation Pumpwerk,,,,,,
2570,Trafostation Mühlenweg,,,,,,
2571,,,,,,,
2572,,2.0,2.0,0.0,12.0,31536.0,2260.8626143082647
2573,,,,,,,
2574,,,,,,,
2575,,,,,,,
2576,,,,,,,
2577,,,,,,,
2578,,,,,,,
2579,Putlitz Süd (380kV),,,,,,
2580,,,,,,,
2581,Umspannanlage 110kV - Tesla GF4,8.0,0.0,8.0,10.645,11190.024000000001,380.92849849798904
2582,,,,,,,
2583,Gleichrichterunterwerk Schönfließ,,,,,,
2584,Umspannwerk Birkholzaue,,,,,,
2585,Umspannwerk Börnicke,,,,,,
2586,Umspannwerk Albertshof,9.0,9.0,0.0,27.025000000000002,71021.7,1024.7207865397434
2587,Friedhof,,,,,,
2588,,,,,,,
2589,,,,,,,
2590,UW Granzow Nord,,,,,,
2591,Hammerdamm,,,,,,
2592,,,,,,,
2593,,,,,,,
2594,,,,,,,
2595,Gleichrichterunterwerk Fredersdorf,,,,,,
2596,,,,,,,
2597,,,,,,,
2598,Umspannwerk Freienbrink,,,,,,
2599,,,,,,,
2600,,,,,,,
2601,Schaltstation Rathenow Sandweg,,,,,,
2602,,,,,,,
2603,Rathenow Curlandstr.,,,,,,
2604,,,,,,,
2605,Rathenow Nordsiedlung,,,,,,
2606,Rathenow Theodor-Lessing-Strasse,,,,,,
2607,,,,,,,
2608,Schaltstation Mitte,,,,,,
2609,,,,,,,
2610,,,,,,,
2611,,,,,,,
2612,,,,,,,
2613,,,,,,,
2614,,,,,,,
2615,,,,,,,
2616,"Trafostation ""Briesker Straße""",,,,,,
2617,,,,,,,
2618,,,,,,,
2619,,,,,,,
2620,,,,,,,
2621,,,,,,,
2622,,,,,,,
2623,,,,,,,
2624,,,,,,,
2625,"Trafostation ""Hörlitzer Straße""",,,,,,
2626,,,,,,,
2627,,,,,,,
2628,"Trafostation ""Eisenbahnstraße""",,,,,,
2629,,,,,,,
2630,,,,,,,
2631,GUW 15 Rehbrücke,,,,,,
2632,GUW 14 Fontanestraße,,,,,,
2633,Erkner Trafostation Busbahnhof,,,,,,
2634,,,,,,,
2635,,,,,,,
2636,,,,,,,
2637,,,,,,,
2638,,,,,,,
2639,,,,,,,
2640,,,,,,,
2641,,,,,,,
2642,,,,,,,
2643,,,,,,,
2644,,,,,,,
2645,,,,,,,
2646,,,,,,,
2647,,,,,,,
2648,,,,,,,
2649,,,,,,,
2650,LEAG Zentrale Stromversorgung,,,,,,
2651,,,,,,,
2652,,,,,,,
2653,Umspannwerk Cottbus,,,,,,
2654,"Umspannwerk Cottbus, EVC",,,,,,
2655,,,,,,,
2656,,,,,,,
2657,,,,,,,
2658,"Trafostation ""Niemtscher Strand""",,,,,,
2659,GUW 5 Käthe-Kollwitz-Straße,,,,,,
2660,,,,,,,
2661,,,,,,,
2662,,,,,,,
2663,Uckerthal,24.0,24.0,0.0,61.515,161661.41999999998,1735.7833461378214
2664,Karlshof,10.0,10.0,0.0,26.995,70942.86,754.5842226323447
2665,,,,,,,
2666,,,,,,,
2667,,,,,,,
2668,Umspannwerk Thyrow,,,,,,
2669,Umspannwerk Thyrow,,,,,,
2670,Umspannwerk Wustermark,13.0,13.0,0.0,27.799999999999997,73058.4,1180.323506487755
2671,Umspannwerk Wustermark,,,,,,
2672,Umspannwerk Ragow,,,,,,
2673,UW Schönewalde (Energiequelle),6.0,6.0,0.0,13.0,34164.0,3262.1678388842215
2674,Umspannwerk Preilack,,,,,,
2675,Eisenhüttenstadt Pohlitz,,,,,,
2676,Umspannwerk Perleberg,,,,,,
2677,Putlitz Süd,,,,,,
2678,Umspannwerk Neuenhagen,,,,,,
2679,Umspannwerk Neuenhagen,,,,,,
2680,GUW 12 Hauptbahnhof,,,,,,
2681,,,,,,,
2682,,,,,,,
2683,Umspannwerk Tantow,20.0,20.0,0.0,49.3,129560.4,5269.050385122221
2684,,,,,,,
2685,,,,,,,
2686,Schöneiche TrSt Warschauer Straße,,,,,,
2687,"Lychen, Steindamm",,,,,,
2688,,,,,,,
2689,,,,,,,
2690,UW Gollmitz,18.0,18.0,0.0,65.85,173053.8,1272.5628690056617
2691,,,,,,,
2692,Trafohäuschen mit Reitpferden,,,,,,
2693,,,,,,,
2694,,,,,,,
2695,,,,,,,
2696,,,,,,,
2697,,,,,,,
2698,Klinkow,,,,,,
2699,,,,,,,
2700,,,,,,,
2701,,,,,,,
2702,,,,,,,
2703,,,,,,,
2704,,,,,,,
2705,,,,,,,
2706,Am Nuthedamm,,,,,,
2707,,,,,,,
2708,,,,,,,
2709,,,,,,,
2710,,,,,,,
2711,,,,,,,
2712,,,,,,,
2713,,,,,,,
2714,,,,,,,
2715,,,,,,,
2716,,,,,,,
2717,Willmersdorf Ost,,,,,,
2718,,,,,,,
2719,UW Terpe,1.0,0.0,1.0,18.81,19773.071999999996,1017.0289681828044
2720,Cahnsdorf Ost,,,,,,
2721,,,,,,,
2722,,,,,,,
2723,,,,,,,
2724,,,,,,,
2725,,,,,,,
2726,Umspannwerk Roggosen,,,,,,
2727,UW Siegadel,,,,,,
2728,,,,,,,
2729,,,,,,,
2730,,,,,,,
2731,,,,,,,
2732,,,,,,,
2733,,,,,,,
2734,,,,,,,
2735,,,,,,,
2736,,,,,,,
2737,,,,,,,
2738,,,,,,,
2739,,,,,,,
2740,,,,,,,
2741,,,,,,,
2742,,,,,,,
2743,,,,,,,
2744,,,,,,,
2745,,,,,,,
2746,,,,,,,
2747,,,,,,,
2748,,,,,,,
2749,,,,,,,
2750,,,,,,,
2751,,,,,,,
2752,,,,,,,
2753,,,,,,,
2754,,,,,,,
2755,,,,,,,
2756,,,,,,,
2757,,,,,,,
2758,,,,,,,
2759,,,,,,,
2760,,,,,,,
2761,,,,,,,
2762,,,,,,,
2763,,,,,,,
2764,,,,,,,
2765,,,,,,,
2766,,,,,,,
2767,,,,,,,
2768,,,,,,,
2769,Wind-UW Sputendorf,4.0,4.0,0.0,21.3,55976.399999999994,547.0481200567882
2770,Werneuchen,2.0,2.0,0.0,12.0,31536.0,240.8379324586693
2771,,,,,,,
2772,UW Semlin,5.0,5.0,0.0,18.65,49012.2,870.8298126716833
2773,UW Semlin,,,,,,
2774,,,,,,,
2775,,,,,,,
2776,,,,,,,
2777,,,,,,,
2778,TST Rietz Dorfstraße,,,,,,
2779,,,,,,,
2780,,,,,,,
2781,Petersdorf,14.0,14.0,0.0,67.55,177521.4,1425.6783548523713
2782,,,,,,,
2783,,,,,,,
2784,,,,,,,
2785,,,,,,,
2786,,,,,,,
2787,,,,,,,
2788,,,,,,,
2789,,,,,,,
2790,,,,,,,
2791,Wolletz Fachklinik,,,,,,
2792,,,,,,,
2793,,,,,,,
2794,UW Germendorf,,,,,,
2795,,,,,,,
2796,,,,,,,
2797,,,,,,,
2798,Lindenalle,,,,,,
2799,Belzig BHKW Sanatorium (neu),,,,,,
2800,Wolletz SSt Wolletz,,,,,,
2801,,,,,,,
2802,,,,,,,
2803,,,,,,,
2804,,,,,,,
2805,,,,,,,
2806,,,,,,,
2807,,,,,,,
2808,,,,,,,
2809,,,,,,,
2810,UW Alttrebbin,2.0,1.0,1.0,146.0,156628.8,1310.9633720111965
2811,UW Gottesgabe Ost,1.0,0.0,1.0,144.0,151372.8,1243.8009202086375
2812,,42.0,42.0,0.0,69.1,181594.8,2745.0619581516794
2813,,,,,,,
2814,,,,,,,
2815,,,,,,,
2816,,,,,,,
2817,Südring 9,,,,,,
2818,Am Wehr,,,,,,
2819,,1.0,1.0,0.0,7.5,19710.0,793.3457528463366
2820,,,,,,,
2821,,,,,,,
2822,,,,,,,
2823,,,,,,,
2824,,,,,,,
2825,,,,,,,
2826,,,,,,,
2827,Trafostation Gülpe 1,,,,,,
2828,,,,,,,
2829,,9.0,8.0,1.0,35.465,77268.456,5315.281195370918
2830,,,,,,,
2831,,,,,,,
2832,,,,,,,
2833,,,,,,,
2834,Umspannwerk Altdöbern,15.0,15.0,0.0,36.0,94608.0,2122.1504406257764
2835,,,,,,,
2836,,,,,,,
2837,,,,,,,
2838,,,,,,,
2839,TST Volksgut,,,,,,
2840,Trst Nordufer Mitte,,,,,,
2841,Trst Nordufer West,,,,,,
2842,,,,,,,
2843,,,,,,,
2844,,,,,,,
2845,Kompensationsstation WP Schmölln 2,,,,,,
2846,Baumgarten Süd,2.0,2.0,0.0,9.45,24834.6,2189.573304610606
2847,Trafostation Papenburg Raststätte,2.0,2.0,0.0,11.4,29959.199999999997,3443.6445782281667
2848,Trafostation Papenbruch Bistro,,,,,,
2849,,,,,,,
2850,,,,,,,
2851,,,,,,,
2852,,,,,,,
2853,,,,,,,
2854,,,,,,,
2855,Umspannwerk Ragow,1.0,0.0,1.0,0.075,78.84,138.96547038328475
2856,,,,,,,
2857,,,,,,,
2858,,8.0,0.0,8.0,102.6,107853.12,629.3904918640046
2859,,22.0,22.0,0.0,42.269999999999996,111085.56,1509.1994349520091
2860,,2.0,2.0,0.0,3.0,7884.0,373.7409477266772
2861,Umspannwerk Woltersdorf,21.0,21.0,0.0,40.0,105120.0,1019.8662014634928
2862,,,,,,,
2863,,,,,,,
2864,Umspannwerk Heinersdorf,,,,,,
2865,,,,,,,
2866,,,,,,,
2867,,,,,,,
2868,,,,,,,
2869,,,,,,,
2870,,1.0,0.0,1.0,25.2,26490.239999999998,1070.6097225813396
2871,,,,,,,
2872,,,,,,,
2873,,,,,,,
2874,Beerbaum,,,,,,
2875,Klobbicke,,,,,,
2876,,,,,,,
2877,,,,,,,
2878,UW Beeskow Ost,,,,,,
2879,UW Groß Werzin,,,,,,
2880,,,,,,,
2881,Glienecke Am Bach,,,,,,
2882,Steinberg Dorf,,,,,,
2883,Boecke ASt PVA Agrar,,,,,,
2884,PVA Boecke,,,,,,
2885,Boecke LPG,,,,,,
2886,Boecke Dorf,,,,,,
2887,Boecke WiKA,,,,,,
2888,Wenzlow,,,,,,
2889,Grüningen,,,,,,
2890,Gewerbepark Wollin,,,,,,
2891,Wollin PVA Wenzlower Straße,,,,,,
2892,Wollin Schulstraße,,,,,,
2893,Wollin Schule,,,,,,
2894,Wollin Hauptstraße,,,,,,
2895,,,,,,,
2896,,,,,,,
2897,,,,,,,
2898,Viesen Mühle,,,,,,
2899,Bücknitz Am Friedhof,,,,,,
2900,Bücknitz Fiener Straße,,,,,,
2901,,,,,,,
2902,Molkerei,,,,,,
2903,Brück Heinrich-Heine-Str.,,,,,,
2904,PVA Wollin,,,,,,
2905,Trafo PVA Ziesar 2,,,,,,
2906,Ziesar ASt PVA Paplitzer Chaussee,,,,,,
2907,,,,,,,
2908,Trafo PVA,,,,,,
2909,,,,,,,
2910,,,,,,,
2911,,,,,,,
2912,Umspannwerk Walsleben,5.0,5.0,0.0,7.5,19710.0,1445.4779219024529
2913,,7.0,7.0,0.0,39.0,102491.99999999999,2098.29168962639
2914,,,,,,,
2915,,,,,,,
2916,,,,,,,
2917,,,,,,,
2918,,,,,,,
2919,,,,,,,
2920,,,,,,,
2921,,,,,,,
2922,Am Umspannwerk,,,,,,
2923,,,,,,,
2924,,,,,,,
2925,,,,,,,
2926,,,,,,,
2927,,,,,,,
2928,,,,,,,
2929,,,,,,,
2930,TS Görlsdorf WW,1.0,1.0,0.0,4.2,11037.6,2123.8832418795764
2931,,,,,,,
2932,,,,,,,
2933,,,,,,,
2934,,,,,,,
2935,,,,,,,
2936,,,,,,,
2937,,,,,,,
2938,,,,,,,
2939,,,,,,,
2940,,,,,,,
2941,Gollin Dorf,,,,,,
2942,,,,,,,
2943,,,,,,,
2944,,,,,,,
2945,LEAG Zentrale Stromversorgung,,,,,,
2946,,,,,,,
2947,,,,,,,
2948,LEAG Zentrale Stromversorgung,,,,,,
2949,,,,,,,
2950,,,,,,,
2951,Oderberg TS Museum,,,,,,
2952,,,,,,,
2953,,4.0,0.0,4.0,2.1486,2258.60832,186.1496625691974
2954,,,,,,,
2955,,,,,,,
2956,,,,,,,
2957,Sieversdorf,2.0,2.0,0.0,4.0,10512.0,2369.3199485573377
2958,,,,,,,
2959,UW Gasturbinenkraftwerk Ahrensfelde,,,,,,
2960,,,,,,,
2961,,8.0,8.0,0.0,20.85,54793.8,4006.6889898410336
2962,,,,,,,
2963,,,,,,,
2964,,,,,,,
2965,,,,,,,
2966,,,,,,,
2967,,,,,,,
2968,,,,,,,
2969,,,,,,,
2970,,,,,,,
2971,,,,,,,
2972,,2.0,0.0,2.0,0.136,142.9632,401.75402471662846
2973,,,,,,,
2974,,,,,,,
2975,,,,,,,
2976,TST Heinstraße,,,,,,
2977,,,,,,,
2978,,,,,,,
2979,,,,,,,
2980,,,,,,,
2981,Trafo,,,,,,
2982,Kobbeln,,,,,,
2983,,,,,,,
2984,,,,,,,
2985,,,,,,,
2986,,,,,,,
2987,,,,,,,
2988,TS Schmargendorfer Weg,,,,,,
2989,TS Sternfelde,,,,,,
2990,TS Ehm-Welk-Str.,,,,,,
2991,TS Puschkinallee,,,,,,
2992,TS Sportplatz,,,,,,
2993,TS Gustav-Bruhn-Schule,,,,,,
2994,TS Pestalozzistraße,,,,,,
2995,TS Am Tanger,,,,,,
2996,TS Breitscheidstraße,,,,,,
2997,,,,,,,
2998,,,,,,,
2999,,,,,,,
3000,TS Aldi,,,,,,
3001,TrSt Festwiese,,,,,,
3002,TST Herzberg Schulhof,,,,,,
3003,TS Kirchgasse,,,,,,
3004,,,,,,,
3005,,,,,,,
3006,Seniorenheim,,,,,,
3007,Angermünde TrSt Klosterplatz,,,,,,
3008,TrSt. Mudrowweg,,,,,,
3009,,,,,,,
3010,,,,,,,
3011,,,,,,,
3012,,1.0,1.0,0.0,6.8,17870.399999999998,3135.7437356437163
3013,,,,,,,
3014,Klosterdorf,2.0,0.0,2.0,49.8,52349.759999999995,706.9398244905387
3015,,,,,,,
3016,,,,,,,
3017,TrSt. Wildfang,,,,,,
3018,TST Kirchstraße,,,,,,
3019,Stegemannshof,,,,,,
3020,,,,,,,
3021,TST Heineufer,,,,,,
3022,,,,,,,
3023,,,,,,,
3024,,,,,,,
3025,,,,,,,
3026,,1.0,1.0,0.0,3.3,8672.4,3489.679321693798
3027,,2.0,2.0,0.0,2.0,5256.0,141.2495575589911
3028,,4.0,4.0,0.0,17.1,44938.8,1506.3808761380697
3029,,,,,,,
3030,Michendorf TÜ 3109 ESTW,,,,,,
3031,,1.0,0.0,1.0,6.45,6780.24,1384.3712276529263
3032,,,,,,,
3033,,13.0,11.0,2.0,63.915,139830.624,2068.5090695894437
3034,,,,,,,
3035,,,,,,,
3036,,,,,,,
3037,,,,,,,
3038,,,,,,,
3039,,,,,,,
3040,,,,,,,
3041,HS-Kabel-Schaltpunkt Trebnitz,2.0,0.0,2.0,77.104,81051.7248,4438.637491615612
3042,,,,,,,
3043,Wilhelmshof,11.0,11.0,0.0,48.8,128246.4,971.5376369473972
3044,Umrichterwerk Angermünde,,,,,,
3045,UW Trebnitz Ausbau,,,,,,
3046,,,,,,,
3047,,,,,,,
3048,UW Seelow Nord,,,,,,
3049,UW Neu Werbig Nord,,,,,,
3050,,,,,,,
3051,,,,,,,
3052,,,,,,,
3053,,,,,,,
3054,,,,,,,
3055,,5.0,5.0,0.0,17.25,45333.0,1784.0800685389866
3056,,,,,,,
3057,,,,,,,
3058,,,,,,,
3059,TS Kraftverkehr,,,,,,
3060,Ragow Merz,,,,,,
3061,Jahnkeshof,21.0,21.0,0.0,36.5,95922.0,2511.760086954669
3062,,,,,,,
3063,,,,,,,
3064,,,,,,,
3065,,6.0,0.0,6.0,61.9084,65078.11008,1251.6654867580712
3066,,,,,,,
3067,,,,,,,
3068,,,,,,,
3069,Pillgram Schinderberg,,,,,,
3070,,,,,,,
3071,,,,,,,
3072,,,,,,,
3073,,,,,,,
3074,,,,,,,
3075,,,,,,,
3076,Stegemannshof Nord 1,,,,,,
3077,Baumgarten West,6.0,6.0,0.0,15.875,41719.5,1857.213466625818
3078,,,,,,,
3079,,,,,,,
3080,,,,,,,
3081,,,,,,,
3082,,,,,,,
3083,,,,,,,
3084,,,,,,,
3085,,,,,,,
3086,,,,,,,
3087,,,,,,,
3088,,,,,,,
3089,,,,,,,
3090,,,,,,,
3091,,,,,,,
3092,GUW 6 Waldhornweg,,,,,,
3093,,,,,,,
3094,,,,,,,
3095,,,,,,,
3096,,,,,,,
3097,GUW 13 Pirschheide,,,,,,
3098,,,,,,,
3099,,,,,,,
3100,,,,,,,
3101,,,,,,,
3102,,,,,,,
3103,,,,,,,
3104,,,,,,,
3105,,,,,,,
3106,,,,,,,
3107,,,,,,,
3108,,,,,,,
3109,,,,,,,
3110,,,,,,,
3111,Stellwerk Deutsche Bahn,,,,,,
3112,,,,,,,
3113,,,,,,,
3114,,,,,,,
3115,,,,,,,
3116,Umspannwerk Calau Ost,,,,,,
3117,,,,,,,
3118,,,,,,,
3119,,,,,,,
3120,,,,,,,
3121,,,,,,,
3122,,,,,,,
3123,,,,,,,
3124,,,,,,,
3125,,,,,,,
3126,,,,,,,
3127,,,,,,,
3128,,,,,,,
3129,,,,,,,
3130,,,,,,,
3131,,,,,,,
3132,,,,,,,
3133,,,,,,,
3134,,,,,,,
3135,,,,,,,
3136,,,,,,,
3137,,,,,,,
3138,,,,,,,
3139,,,,,,,
3140,,,,,,,
3141,,22.0,22.0,0.0,48.4,127195.2,2231.45518465034
3142,,,,,,,
3143,,,,,,,
3144,,,,,,,
3145,,,,,,,
3146,,,,,,,
3147,,,,,,,
3148,,,,,,,
3149,Mürow Oberdorf 2,2.0,2.0,0.0,2.1,5518.8,1544.293123033639
3150,,,,,,,
3151,,,,,,,
3152,,,,,,,
3153,,,,,,,
3154,,,,,,,
3155,,,,,,,
3156,,,,,,,
3157,,,,,,,
3158,,,,,,,
3159,,,,,,,
3160,,,,,,,
3161,,,,,,,
3162,,8.0,0.0,8.0,51.943,54602.4816,1254.9387279762213
3163,,,,,,,
3164,,,,,,,
3165,,,,,,,
3166,,,,,,,
3167,,,,,,,
3168,,,,,,,
3169,,,,,,,
3170,,1.0,0.0,1.0,7.25,7621.2,1341.4283252684065
3171,,,,,,,
3172,,,,,,,
3173,,1.0,0.0,1.0,2.8,2943.3599999999997,1046.4574476232203
3174,,,,,,,
3175,,,,,,,
3176,,,,,,,
3177,,,,,,,
3178,,,,,,,
3179,,,,,,,
3180,,,,,,,
3181,,,,,,,
3182,,,,,,,
3183,,,,,,,
3184,,1.0,0.0,1.0,13.035,13702.392,1473.9424540776768
3185,,,,,,,
3186,PVA Am UW Nauen,9.0,9.0,0.0,18.0,47304.0,3447.8679305223523
3187,Am UW Nauen 2,,,,,,
3188,Am Kuhdamm,,,,,,
3189,,,,,,,
3190,,,,,,,
3191,,,,,,,
3192,,,,,,,
3193,,,,,,,
3194,,,,,,,
3195,,,,,,,
3196,,,,,,,
3197,,,,,,,
3198,,,,,,,
3199,,,,,,,
3200,,,,,,,
3201,,,,,,,
3202,,,,,,,
3203,,,,,,,
3204,,,,,,,
3205,,,,,,,
3206,,,,,,,
3207,,8.0,8.0,0.0,12.0,31536.0,2161.129665321014
3208,,10.0,10.0,0.0,15.0,39420.0,2381.827426361035
3209,,,,,,,
3210,,,,,,,
3211,,,,,,,
3212,,,,,,,
3213,Schiebsdorf,1.0,1.0,0.0,1.5,3942.0,6009.985575668522
3214,,,,,,,
3215,,6.0,6.0,0.0,9.0,23652.0,1437.1826049773808
3216,,,,,,,
3217,,,,,,,
3218,,,,,,,
3219,,21.0,5.0,16.0,122.92,173363.90399999998,4541.413084108456
3220,,13.0,13.0,0.0,26.0,68328.0,1573.747158857288
3221,,,,,,,
3222,,,,,,,
3223,,,,,,,
3224,Hellberge,17.0,17.0,0.0,33.8,88826.4,1021.6072634732399
3225,,,,,,,
3226,,,,,,,
3227,,,,,,,
3228,,,,,,,
3229,,,,,,,
3230,,,,,,,
3231,,,,,,,
3232,UW Seelow Loose,1.0,0.0,1.0,46.2,48565.439999999995,1045.9136060615342
3233,UW Seelow Lebus,,,,,,
3234,,,,,,,
3235,,,,,,,
3236,,,,,,,
3237,,,,,,,
3238,,,,,,,
3239,,,,,,,
3240,,,,,,,
3241,,,,,,,
3242,Umspannwerk Kathlow,7.0,7.0,0.0,14.0,36792.0,1377.7922108413209
3243,,,,,,,
3244,,,,,,,
3245,,,,,,,
3246,Berkenbrück Station Hohes Feld,,,,,,
3247,,29.0,29.0,0.0,64.2,168717.6,1482.4988894884098
3248,,,,,,,
3249,,,,,,,
3250,,,,,,,
3251,,,,,,,
3252,Gleichrichterunterwerk III,,,,,,
3253,Urw Cottbus,,,,,,
3254,,,,,,,
3255,,,,,,,
3256,,,,,,,
3257,,,,,,,
3258,,,,,,,
3259,,,,,,,
3260,,,,,,,
3261,,,,,,,
3262,,,,,,,
3263,,,,,,,
3264,,,,,,,
3265,,1.0,0.0,1.0,15.377,16164.302400000002,54.75775084717159
3266,,,,,,,
3267,,,,,,,
3268,,,,,,,
3269,,1.0,0.0,1.0,18.392,19333.6704,107.22223660661503
3270,,,,,,,
3271,,,,,,,
3272,,,,,,,
3273,,,,,,,
3274,,,,,,,
3275,UW Gollmitz Nord,,,,,,
3276,Wichmannsdorf Ost,3.0,0.0,3.0,159.24831,167401.82347199996,552.1839035555557
3277,Umspannwerk Bertikow,20.0,20.0,0.0,73.08,192054.24,2749.6218101993445
3278,,,,,,,
3279,,,,,,,
3280,,,,,,,
3281,UW Stolzenhagen,,,,,,
3282,UW Frieedersdorf,2.0,2.0,0.0,4.0,10512.0,436.51093154635316
3283,GUW 7 Marie-Juchacz-Straße,,,,,,
3284,TS Dannenberg Bodenseichen,4.0,4.0,0.0,16.8,44150.4,3734.5562792665523
3285,,,,,,,
3286,TrSt Neuseddin Im Winkel,,,,,,
3287,GUW 1 Zeppelinstraße,,,,,,
3288,GUW 10 Biosphäre,,,,,,
3289,,,,,,,
3290,,,,,,,
3291,,,,,,,
3292,,,,,,,
3293,Gleichrichterunterwerk II,,,,,,
3294,,,,,,,
3295,,,,,,,
3296,,,,,,,
3297,GUW 2 Am Kanal,,,,,,
3298,,,,,,,
3299,,,,,,,
3300,,,,,,,
3301,,,,,,,
3302,,,,,,,
3303,,,,,,,
3304,,,,,,,
3305,,,,,,,
3306,,,,,,,
3307,,,,,,,
3308,,,,,,,
3309,,,,,,,
3310,,,,,,,
3311,,,,,,,
3312,,,,,,,
3313,,,,,,,
3314,,,,,,,
3315,,,,,,,
3316,,,,,,,
3317,,,,,,,
3318,,,,,,,
3319,,,,,,,
3320,TrSt Schanzenberg,,,,,,
3321,,,,,,,
3322,,,,,,,
3323,,,,,,,
3324,,,,,,,
3325,,,,,,,
3326,,,,,,,
3327,,1.0,1.0,0.0,2.35,6175.8,6128.4346985505035
3328,,,,,,,
3329,,,,,,,
3330,,,,,,,
3331,Oderberg TS Eberswalder Chaussee,,,,,,
3332,,,,,,,
3333,,,,,,,
3334,,,,,,,
3335,,,,,,,
3336,,,,,,,
3337,,,,,,,
3338,,,,,,,
3339,,,,,,,
3340,,,,,,,
3341,,1.0,1.0,0.0,1.5,3942.0,15.341469900273069
3342,,1.0,1.0,0.0,1.5,3942.0,12.288304617541204
3343,,1.0,1.0,0.0,2.0,5256.0,7.966607180167081
3344,,1.0,1.0,0.0,1.5,3942.0,14.356774019618074
3345,,1.0,1.0,0.0,1.5,3942.0,11.860368675968932
3346,,1.0,1.0,0.0,1.5,3942.0,11.189284041572947
3347,,2.0,2.0,0.0,3.85,10117.8,125.19817068309908
3348,,1.0,1.0,0.0,1.5,3942.0,13.521813857479936
3349,,2.0,2.0,0.0,3.5,9198.0,318.00957898448905
3350,TST Ahornstr.,,,,,,
3351,,,,,,,
3352,,,,,,,
3353,,1.0,1.0,0.0,2.05,5387.4,13.49081223845806
3354,,1.0,1.0,0.0,2.05,5387.4,13.990734536274168
3355,,1.0,1.0,0.0,2.05,5387.4,13.534158082752196
3356,,4.0,4.0,0.0,22.0,57816.0,390.1811628522555
3357,,,,,,,
3358,,,,,,,
3359,,,,,,,
3360,,,,,,,
3361,,2.0,2.0,0.0,4.0,10512.0,422.92413963684055
3362,,,,,,,
3363,,2.0,2.0,0.0,4.0,10512.0,393.6658168578307
3364,,1.0,1.0,0.0,5.5,14454.0,349.5651790335247
3365,,2.0,2.0,0.0,4.0,10512.0,150.04721295075788
3366,,1.0,1.0,0.0,1.5,3942.0,13.243515221710492
3367,,1.0,1.0,0.0,1.5,3942.0,13.915619587680393
3368,,2.0,2.0,0.0,4.0,10512.0,217.2744023799229
3369,,3.0,3.0,0.0,5.5,14454.0,207.76627277483385
3370,,3.0,3.0,0.0,6.2,16293.6,325.45296731290017
3371,,,,,,,
3372,,3.0,3.0,0.0,6.35,16687.8,349.4938074750094
3373,,2.0,2.0,0.0,4.35,11431.8,552.563077095573
3374,,7.0,7.0,0.0,39.2,103017.59999999999,1095.9117585509823
3375,,,,,,,
3376,,,,,,,
3377,,,,,,,
3378,,2.0,2.0,0.0,3.5,9198.0,5013.925748442615
3379,,,,,,,
3380,,,,,,,
3381,UW Görlsdorf,8.0,8.0,0.0,33.6,88300.8,1389.5247126319762
3382,Umspannwerk Großrössen,4.0,4.0,0.0,14.2,37317.6,1157.552579414874
3383,,,,,,,
3384,,,,,,,
3385,,,,,,,
3386,,,,,,,
3387,Umspannwerk Genshagen,,,,,,
3388,Umspannwerk Ludwigsfelde Eichspitze,,,,,,
3389,,,,,,,
3390,,,,,,,
3391,,,,,,,
3392,,,,,,,
3393,,,,,,,
3394,,1.0,1.0,0.0,2.0,5256.0,2413.360298447408
3395,,,,,,,
3396,,,,,,,
3397,,,,,,,
3398,,,,,,,
3399,,,,,,,
3400,,,,,,,
3401,,,,,,,
3402,SST Brüssow Mitte MSNS Raum,,,,,,
3403,,14.0,14.0,0.0,30.43,79970.04,5303.088468441063
3404,,,,,,,
3405,,,,,,,
3406,,,,,,,
3407,,,,,,,
3408,,6.0,6.0,0.0,20.700000000000003,54399.600000000006,1861.3886576175184
3409,,1.0,1.0,0.0,2.0,5256.0,241.6329546984949
3410,,1.0,1.0,0.0,2.0,5256.0,958.9960719211673
3411,,1.0,1.0,0.0,2.0,5256.0,924.7880689333537
3412,,,,,,,
3413,,,,,,,
3414,,,,,,,
3415,,1.0,1.0,0.0,3.45,9066.6,628.7354308974975
3416,,8.0,8.0,0.0,22.75,59787.0,779.711954830439
3417,,7.0,7.0,0.0,19.55,51377.4,601.1512566072113
3418,,1.0,1.0,0.0,1.5,3942.0,13.130751047760365
3419,,1.0,1.0,0.0,1.5,3942.0,13.450582396636968
3420,,1.0,1.0,0.0,1.5,3942.0,15.215727217588553
3421,,1.0,1.0,0.0,1.5,3942.0,14.161074620845126
3422,,2.0,2.0,0.0,3.8,9986.4,80.14756023905086
3423,,,,,,,
3424,,23.0,11.0,12.0,58.62028,103170.318336,4266.276016072186
3425,UW Wuschewier,14.0,0.0,14.0,164.73363999999998,173168.002368,3549.3715976990416
3426,"Trafostation Petersdorf, Großer Eichwerder",,,,,,
3427,,,,,,,
3428,"Lychen, Großer Lychensee",,,,,,
3429,TrSt Fürstenberg Dorf Ravensbrück,,,,,,
3430,,,,,,,
3431,Trafo Station,,,,,,
3432,,,,,,,
3433,Trafo Station,,,,,,
3434,,,,,,,
3435,,,,,,,
3436,,14.0,14.0,0.0,37.85,99469.8,4061.023784751069
3437,,,,,,,
3438,,25.0,25.0,0.0,70.2,184485.6,2903.338225467769
3439,,,,,,,
3440,,4.0,4.0,0.0,22.8,59918.399999999994,4505.338972499837
3441,,,,,,,
3442,,,,,,,
3443,,,,,,,
3444,,2.0,2.0,0.0,11.4,29959.199999999997,1495.0379937668324
3445,,,,,,,
3446,,3.0,3.0,0.0,9.0,23652.0,2824.799747710467
3447,,1.0,0.0,1.0,52.25,54925.2,178.2017813011981
3448,,,,,,,
3449,,,,,,,
3450,Mürow Süd,5.0,5.0,0.0,19.6,51508.8,1106.4303751558305
3451,,,,,,,
3452,Tornow II,,,,,,
3453,,,,,,,
3454,,,,,,,
3455,,,,,,,
3456,,,,,,,
3457,"Trafostation ""Kulturhaus""",,,,,,
3458,,,,,,,
3459,,,,,,,
3460,St. BHKW Klinik,,,,,,
3461,Schaltstation Griebener Weg,,,,,,
3462,,,,,,,
3463,,8.0,8.0,0.0,49.6,130348.79999999999,4068.6614650704423
3464,,,,,,,
3465,UW Neu Werbig Süd,,,,,,
3466,,17.0,15.0,2.0,113.19879999999999,194996.33856,1588.0585092707968
3467,,,,,,,
3468,,,,,,,
3469,,,,,,,
3470,,,,,,,
3471,,,,,,,
3472,,1.0,1.0,0.0,1.5,3942.0,1272.2606183746914
3473,,,,,,,
3474,,,,,,,
3475,,,,,,,
3476,,,,,,,
3477,,,,,,,
3478,,,,,,,
3479,,2.0,2.0,0.0,4.0,10512.0,1870.133930531607
3480,,,,,,,
3481,,1.0,0.0,1.0,31.68,33302.015999999996,3181.4148968810896
3482,,,,,,,
3483,,,,,,,
3484,,,,,,,
3485,,,,,,,
3486,,,,,,,
3487,,2.0,0.0,2.0,10.512849999999998,11051.107919999997,531.8654466436698
3488,,,,,,,
3489,,3.0,3.0,0.0,7.33,19263.239999999998,1023.5773541603781
3490,,,,,,,
3491,,4.0,4.0,0.0,9.86,25912.079999999998,1713.1006779927486
3492,,4.0,4.0,0.0,8.3,21812.4,966.9422662494507
3493,,,,,,,
3494,,,,,,,
3495,,,,,,,
3496,,,,,,,
3497,,,,,,,
3498,"Trafostation ""Bahnüberweg""",,,,,,
3499,,,,,,,
3500,,,,,,,
3501,,,,,,,
3502,,,,,,,
3503,,,,,,,
3504,,,,,,,
3505,,2.0,2.0,0.0,6.15,16162.199999999999,1897.4792390944997
3506,,1.0,1.0,0.0,3.075,8081.099999999999,2316.4190675320597
3507,,6.0,5.0,1.0,45.905,72498.636,1988.4625909332465
3508,,7.0,7.0,0.0,21.525000000000002,56567.7,1952.9743250311972
3509,,,,,,,
3510,,,,,,,
3511,,,,,,,
3512,,,,,,,
3513,,,,,,,
3514,,,,,,,
3515,,,,,,,
3516,,,,,,,
3517,Stegemannshof Nord 2,1.0,1.0,0.0,3.075,8081.099999999999,2126.833684864016
3518,,5.0,5.0,0.0,12.0,31536.0,3034.519245226371
3519,"Trafostation ""Esso""",,,,,,
3520,,,,,,,
3521,,,,,,,
3522,Britz West,,,,,,
3523,,1.0,1.0,0.0,2.4,6307.2,2935.053900572919
3524,,,,,,,
3525,,,,,,,
3526,,,,,,,
3527,,,,,,,
3528,,,,,,,
3529,,,,,,,
3530,,,,,,,
3531,"Trafostation ""Wasserwirtschaft""",,,,,,
3532,,,,,,,
3533,UW Reichenberg,,,,,,
3534,HS Möglin,,,,,,
3535,,,,,,,
3536,,,,,,,
3537,,10.0,10.0,0.0,21.799999999999997,57290.399999999994,1332.0987287759544
3538,,12.0,8.0,4.0,51.327538000000004,79657.34794559999,2087.9364028908935
3539,GUW 7,,,,,,
3540,,,,,,,
3541,,,,,,,
3542,Leißnitz,1.0,1.0,0.0,1.5,3942.0,1746.5749421653545
3543,Groß Rietz,10.0,10.0,0.0,20.0,52560.0,1843.5960446471843
3544,,,,,,,
3545,,,,,,,
